station,region,entries_exits_2019,entries_exits_2025,recovery_index
Abbey Wood,London,3769402,11873686,315.0018490996715
Aber,Wales,245218,145234,59.22648418957826
Abercynon,Wales,289008,189820,65.6798427725184
Aberdare,Wales,555780,341438,61.43402065565512
Aberdeen,Scotland,2616142,2377660,90.88421041365493
Aberdour,Scotland,140048,116962,83.51565177653376
Aberdovey,Wales,40390,49838,123.3919286952216
Abererch,Wales,2228,3552,159.4254937163375
Abergavenny,Wales,433334,423316,97.68815740283476
Abergele and Pensarn,Wales,73640,104922,142.4796306355242
Aberystwyth,Wales,309420,298878,96.59298041496994
Accrington,North West,422806,503794,119.15488427316548
Achanalt,Scotland,394,550,139.59390862944164
Achnasheen,Scotland,3284,3340,101.70523751522533
Achnashellach,Scotland,820,890,108.53658536585367
Acklington,North East,320,856,267.5
Acle,East of England,45336,47882,105.61584612669843
Acocks Green,West Midlands,541810,417750,77.10267436924383
Acton Bridge (Cheshire),North West,22578,54980,243.51138276198068
Acton Central,London,1887162,1574010,83.40619406283085
Acton Main Line,London,310962,2699464,868.1009255150148
Adderley Park,West Midlands,115726,147180,127.17971760883466
Addiewell,Scotland,17640,18496,104.85260770975056
Addlestone,South East,431860,382112,88.48052609642014
Adisham,South East,27600,26556,96.21739130434783
Adlington (Cheshire),North West,31390,24710,78.71933736858873
Adlington (Lancashire),North West,102646,166760,162.46127467217426
Adwick,Yorkshire and the Humber,170790,175978,103.0376485742725
Aigburth,North West,864238,597462,69.13165123496074
Ainsdale,North West,1016242,892242,87.79818192910743
Aintree,North West,1175920,977074,83.09017620246276
Airbles,Scotland,114442,109620,95.78651194491533
Airdrie,Scotland,1098012,809690,73.74145273457849
Albany Park,London,1006946,775024,76.96778178770262
Albrighton,West Midlands,101548,92196,90.79056209871193
Alderley Edge,North West,297470,244220,82.09903519682658
Aldermaston,South East,73942,71290,96.41340510129561
Aldershot,South East,1367252,1371112,100.28231810960963
Aldrington,South East,206968,169826,82.0542306056975
Alexandra Palace,London,1843648,1855806,100.65945343145764
Alexandra Parade,Scotland,418768,343914,82.12518626065028
Alexandria,Scotland,244378,185556,75.92991185785955
Alfreton,East Midlands,314464,382994,121.79263763101658
Allens West,North East,65136,99646,152.98145418816017
Alloa,Scotland,370452,528768,142.73590100741797
Alness,Scotland,30426,20482,67.3174258857556
Alnmouth,North East,344602,378954,109.96860145907452
Alresford (Essex),East of England,62994,97088,154.12261485220816
Alsager,North West,116446,115024,98.7788331071913
Althorne (Essex),East of England,43816,33650,76.79842979733431
Althorpe,Yorkshire and the Humber,7978,3816,47.83153672599649
Alton,South East,711292,590922,83.07727346856143
Altrincham,North West,396832,316474,79.75012095798726
Alvechurch,West Midlands,199862,163368,81.74040087660485
Ambergate,East Midlands,41130,39004,94.8310235837588
Amberley,South East,60296,89218,147.96669762504976
Amersham,South East,1991780,1892926,95.03690166584663
Ammanford,Wales,19596,23694,120.91243110838947
Ancaster,East Midlands,5904,5532,93.69918699186992
Anderston,Scotland,728408,419400,57.577621333099025
Andover,South East,1232336,1141420,92.62246660001817
Anerley,London,1043346,948840,90.94202690190981
Angmering,South East,826622,843312,102.01906070731242
Annan,Scotland,139370,127412,91.4199612542154
Anniesland,Scotland,1136078,1013182,89.18243289633281
Ansdell and Fairhaven,North West,32240,48776,151.29032258064515
Apperley Bridge,Yorkshire and the Humber,375794,455666,121.25419777857019
Appleby,North West,57526,63348,110.12064110141502
Appledore (Kent),South East,42792,29092,67.98467003178165
Appleford,South East,7504,9074,120.92217484008529
Appley Bridge,North West,224338,126192,56.25083579242036
Apsley,East of England,667192,518088,77.65201021594983
Arbroath,Scotland,369906,362306,97.94542397257682
Ardgay,Scotland,6998,5734,81.93769648470992
Ardlui,Scotland,5622,4050,72.03842049092849
Ardrossan Harbour,Scotland,131374,84144,64.049203038653
Ardrossan South Beach,Scotland,220638,167462,75.89898385590878
Ardrossan Town,Scotland,22348,17108,76.5527116520494
Ardwick,North West,1238,262,21.163166397415186
Argyle Street,Scotland,1295376,1279026,98.73781820876718
Arisaig,Scotland,6226,5572,89.49566334725345
Arlesey,East of England,662676,688476,103.8933053256795
Armadale (West Lothian),Scotland,260082,232232,89.29183872778586
Armathwaite,North West,7616,13282,174.39600840336135
Arnside,North West,96348,119618,124.15203221654833
Arram,Yorkshire and the Humber,1392,1030,73.99425287356321
Arrochar and Tarbet,Scotland,20192,20438,101.21830427892236
Arundel,South East,327110,308686,94.36764391183394
Ascot (Berks),South East,1234810,947036,76.69487613478996
Ascott-Under-Wychwood,South East,2638,1282,48.59742228961335
Ash,South East,268106,259336,96.72890573131522
Ash Vale,South East,459054,358324,78.05704775473038
Ashburys,North West,112846,105284,93.29883203658082
Ashchurch for Tewkesbury,South West,102688,108740,105.89358055468993
Ashfield,Scotland,84458,64718,76.6274361220962
Ashford (Surrey),South East,1076006,882266,81.99452419410301
Ashford International,South East,4102872,3791778,92.41765280515696
Ashley,North West,8030,8648,107.69613947696139
Ashtead,South East,1308084,1023956,78.27907076303968
Ashton-Under-Lyne,North West,326674,180238,55.17365936683054
Ashurst (Kent),South East,38190,27738,72.63157894736842
Ashurst New Forest,South East,153670,108328,70.49391553328562
Ashwell and Morden,East of England,156490,173122,110.62815515368393
Askam,North West,68716,70730,102.93090401071075
Aslockton,East Midlands,31204,23218,74.4071272913729
Aspatria,North West,21026,31666,150.60401407780844
Aspley Guise,East of England,11636,8300,71.33035407356479
Aston,West Midlands,658072,613448,93.21897907827716
Atherstone,West Midlands,171606,113120,65.91844108014871
Atherton,North West,288906,218476,75.62182855323185
Attadale,Scotland,1322,1034,78.21482602118003
Attenborough,East Midlands,99484,96094,96.59241687105464
Attleborough,East of England,163062,175046,107.34935178030443
Auchinleck,Scotland,77754,64852,83.40664145896031
Audley End,East of England,979414,814130,83.12419467150765
Aughton Park,North West,204282,185634,90.87144241783417
Aviemore,Scotland,138490,123654,89.2873131634053
Avoncliff,South West,24396,25078,102.79554025250042
Avonmouth,South West,107752,171440,159.1060954785062
Axminster,South West,384220,417946,108.77778356150122
Aylesbury,South East,1235236,900484,72.89975356935841
Aylesbury Vale Parkway,South East,203266,127578,62.7640628536007
Aylesford,South East,162366,184616,113.70360789820528
Aylesham,South East,120244,106320,88.42021223512192
Ayr,Scotland,1458918,795560,54.53082352812153
Bache,North West,458908,495366,107.94451175398991
Baglan,Wales,22894,35200,153.7520747794182
Bagshot,South East,143736,120552,83.87042912005343
Baildon,Yorkshire and the Humber,296602,210976,71.13101057983425
Baillieston,Scotland,149914,162068,108.10731486052003
Balcombe,South East,152040,213026,140.11181268087344
Baldock,East of England,637664,568602,89.16953128920561
Balham,London,8140418,5955232,73.15634160309705
Balloch,Scotland,554282,444334,80.16388769615467
Balmossie,Scotland,984,1708,173.57723577235774
Bamber Bridge,North West,68764,75068,109.16758769123378
Bamford,East Midlands,34526,72778,210.79186699878352
Banavie,Scotland,6462,6796,105.16867842773135
Banbury,South East,2787266,2269872,81.43722199459972
Bangor (Gwynedd),Wales,658934,720066,109.27740866308311
Bank Hall,North West,257006,226404,88.09288499101189
Banstead,South East,151280,148780,98.34743521946059
Barassie,Scotland,171492,154888,90.31791570452266
Bardon Mill,North East,9394,10046,106.94060038322333
Bare Lane,North West,137840,119252,86.51479976784678
Bargeddie,Scotland,91788,98846,107.68945831699132
Bargoed,Wales,216046,188436,87.22031419234793
Barking,London,14451652,13359426,92.44220660724463
Barming,South East,168764,236990,140.42686828944562
Barmouth,Wales,197922,236854,119.67037519831045
Barnehurst,London,1646204,955890,58.06631498890782
Barnes,London,2443722,2251810,92.14673354825139
Barnes Bridge,London,922602,872264,94.5439095081086
Barnetby,Yorkshire and the Humber,73998,61434,83.02116273412796
Barnham,South East,1005324,1032190,102.67237228992843
Barnhill,Scotland,91680,84686,92.37129144851657
Barnsley,Yorkshire and the Humber,1333218,1519762,113.99201030889172
Barnstaple,South West,432196,608780,140.857388777314
Barnt Green,West Midlands,304800,327146,107.33136482939634
Barrhead,Scotland,761664,553018,72.60655617175027
Barrhill,Scotland,10124,3878,38.30501777953378
Barrow Haven,Yorkshire and the Humber,1916,1194,62.317327766179545
Barrow-In-Furness,North West,625596,589658,94.25539805241722
Barrow-Upon-Soar,East Midlands,91964,101842,110.74115958418511
Barry,Wales,524102,600062,114.49336197915673
Barry Docks,Wales,251044,285566,113.7513742610857
Barry Island,Wales,832222,446058,53.59843887808782
Barry Links,Scotland,122,450,368.8524590163934
Barton-On-Humber,Yorkshire and the Humber,38798,33106,85.3291406773545
Basildon,East of England,3267698,2566830,78.55162870008184
Basingstoke,South East,5979370,4793820,80.17266033043614
Bat and Ball,South East,130830,218476,166.99228005809067
Bath Spa,South West,6538056,6510506,99.57862092340598
Bathgate,Scotland,1292630,938148,72.57668474350743
Batley,Yorkshire and the Humber,341942,227096,66.41360230682396
Battersby,Yorkshire and the Humber,1520,2524,166.05263157894737
Battersea Park,London,1993298,2183506,109.54237650366379
Battle,South East,559164,511760,91.52234407079139
Battlesbridge,East of England,16446,22560,137.17621306092667
Bayford,East of England,50398,78874,156.50224215246638
Beaconsfield,South East,1627052,1146906,70.48981839547844
Bearley,West Midlands,1022,2552,249.70645792563602
Bearsden,Scotland,550546,399528,72.5694129100929
Bearsted,South East,391758,316948,80.90402748635638
Beasdale,Scotland,342,230,67.2514619883041
Beaulieu Road,South East,10586,19838,187.3984507840544
Beauly,Scotland,48270,33508,69.41785788274291
Bebington,North West,911750,917836,100.6675075404442
Beccles,East of England,114302,129850,113.60256163496703
Beckenham Hill,London,356958,378666,106.08138772628712
Beckenham Junction,London,2705700,1694068,62.61108031193407
Bedford,East of England,4058190,3763978,92.750166946348
Bedford St Johns,East of England,189276,175552,92.74921278978846
Bedhampton,South East,129136,86206,66.7559781935324
Bedminster,South West,95466,140918,147.61066767226026
Bedworth,West Midlands,101306,69046,68.15588415296232
Bedwyn,South West,109320,99948,91.42700329308452
Beeston,East Midlands,566094,606570,107.15004928510106
Bekesbourne,South East,25546,37720,147.6552102090347
Belle Vue,North West,6820,15288,224.1642228739003
Bellgrove,Scotland,767426,744374,96.99619246676554
Bellingham,London,809272,623114,76.99685643393074
Bellshill,Scotland,784890,643576,81.99569366408032
Belmont,London,157348,200356,127.3330452245977
Belper,East Midlands,210692,219184,104.03052797448409
Beltring,South East,13962,14532,104.08250966910184
Belvedere,London,1219758,696406,57.093784176861305
Bempton,Yorkshire and the Humber,12946,23682,182.92909006642978
Ben Rhydding,Yorkshire and the Humber,221492,218968,98.86045545663049
Benfleet,East of England,3664766,2439326,66.5615758277609
Bentham,Yorkshire and the Humber,26424,41208,155.94913714804724
Bentley (Hampshire),South East,144020,109846,76.27135120122205
Bentley (South Yorkshire),Yorkshire and the Humber,130044,157944,121.45427701393375
Bere Alston,South West,40250,39426,97.9527950310559
Bere Ferrers,South West,16108,14614,90.72510553762105
Berkhamsted,East of England,1778774,1322820,74.36695161948623
Berkswell,West Midlands,355928,284690,79.98527792137736
Bermuda Park,West Midlands,36088,28434,78.79073376191532
Berney Arms,East of England,442,802,181.44796380090497
Berry Brow,Yorkshire and the Humber,26066,27114,104.02056318575923
Berrylands,London,400700,363954,90.82954829049163
Berwick (Sussex),South East,78310,79434,101.43532115949432
Berwick-Upon-Tweed,North East,571130,707310,123.8439584682997
Bescar Lane,North West,2124,2442,114.97175141242937
Bescot Stadium,West Midlands,174876,154824,88.53358951485623
Betchworth,South East,13974,14482,103.63532274223557
Bethnal Green,London,1272734,1564066,122.89025043724769
Betws-y-Coed,Wales,35364,52838,149.41183124080985
Beverley,Yorkshire and the Humber,658662,754186,114.50273433111369
Bexhill,South East,1448466,1488932,102.79371417761965
Bexley,London,1302454,1096808,84.21088191982213
Bexleyheath,London,2842130,1475374,51.910855590701345
Bicester North,South East,681726,822816,120.69599809894298
Bicester Village,South East,1777700,1925568,108.3179389098273
Bickley,London,921486,738246,80.11472773324826
Bidston,North West,344100,301450,87.60534728276663
Biggleswade,East of England,1038164,894928,86.20295059354784
Bilbrook,West Midlands,133688,139092,104.04224762132728
Billericay,East of England,3043344,2348512,77.16879853214095
Billingham,North East,78004,118110,151.41531203528024
Billingshurst,South East,484148,447136,92.3552302188587
Bingham,East Midlands,77128,72680,94.23296338554093
Bingley,Yorkshire and the Humber,1207142,1017970,84.32893561817913
Birchgrove,Wales,55822,53024,94.98763928200351
Birchington-On-Sea,South East,410808,350024,85.20379349963973
Birchwood,North West,626200,437172,69.81347812200575
Birkbeck,London,137144,105178,76.69165256956192
Birkdale,North West,1257834,1064598,84.63740048368862
Birkenhead Central,North West,835662,644332,77.1043795218641
Birkenhead Hamilton Square,North West,1619752,1657330,102.31998478779467
Birkenhead North,North West,920880,944022,102.51303101381288
Birkenhead Park,North West,700952,669528,95.51695408530114
Birmingham International,West Midlands,6975002,5002974,71.72720523951104
Birmingham Moor Street,West Midlands,7200372,7148012,99.27281534898475
Birmingham New Street,West Midlands,47925924,36623678,76.41726010332111
Birmingham Snow Hill,West Midlands,5366788,3153970,58.76829865461427
Bishop Auckland,North East,155378,169032,108.78760184839552
Bishopbriggs,Scotland,785368,758698,96.60413971539457
Bishops Stortford,East of England,3259594,3003190,92.13386697852555
Bishopstone (Sussex),South East,39422,51166,129.79047232509765
Bishopton (Renfrewshire),Scotland,747094,701908,93.95176510586352
Bitterne,South East,85280,83962,98.45450281425892
Blackburn,North West,1200186,1297980,108.1482370232614
Blackheath,London,3274008,2278510,69.5939044742713
Blackhorse Road,London,2014394,2693538,133.71455633803515
Blackpool North,North West,1549842,2065566,133.27590812482822
Blackpool Pleasure Beach,North West,115456,118576,102.70232815964523
Blackpool South,North West,104480,113644,108.77105666156201
Blackridge,Scotland,59780,51822,86.68785547005687
Blackrod,North West,563764,226316,40.143748093173734
Blackwater,South East,493756,383848,77.74042239486711
Blaenau Ffestiniog,Wales,39102,47240,120.81223466830342
Blair Atholl,Scotland,21008,16446,78.28446306169079
Blairhill,Scotland,491822,377514,76.75825806897618
Blake Street,West Midlands,435334,344892,79.22468725162749
Blakedown,West Midlands,97242,96472,99.20816108265976
Blantyre,Scotland,511822,413806,80.84959224105255
Blaydon,North East,21428,69496,324.3233152884077
Bleasby,East Midlands,7426,7552,101.69674117963912
Bletchley,South East,1135190,1385658,122.06397166994071
Bloxwich,West Midlands,49186,114166,232.110763225308
Bloxwich North,West Midlands,47238,123090,260.57411406071384
Blundellsands and Crosby,North West,1667950,1563538,93.74010012290537
Blythe Bridge,West Midlands,91610,103852,113.3631699596114
Bodmin Parkway,South West,234030,305298,130.45250608896296
Bodorgan,Wales,5394,7414,137.4490174267705
Bognor Regis,South East,1094562,1086762,99.28738618735166
Bogston,Scotland,37860,27266,72.01796090861066
Bolton,North West,3074022,3011850,97.97750308878726
Bolton-Upon-Dearne,Yorkshire and the Humber,69520,77700,111.76639815880323
Bookham,South East,322142,212440,65.94607347070547
Bootle (Cumbria),North West,13386,13844,103.4214851337218
Bootle New Strand,North West,1026300,885026,86.23462925070642
Bootle Oriel Road,North West,787114,691544,87.85817556287907
Bordesley,West Midlands,20688,29062,140.47757153905647
Borough Green and Wrotham,South East,448990,438368,97.63424575157575
Borth,Wales,61446,61940,100.80395794681509
Bosham,South East,76172,69330,91.01769679147193
Boston,East Midlands,226940,267184,117.73332158279722
Botley,South East,156754,154578,98.61183765645534
Bottesford,East Midlands,63628,56560,88.89168290689634
Bourne End,South East,266376,254624,95.58819112832988
Bournemouth,South West,2751866,2664456,96.82360987053875
Bournville,West Midlands,1331472,996134,74.81449102947715
Bow Brickhill,South East,43410,32874,75.72909467864547
Bowes Park,London,788328,524702,66.5588435270598
Bowling,Scotland,61326,27310,44.532498450901734
Box Hill and Westhumble,South East,102486,145860,142.3218781101809
Bracknell,South East,2328350,1775202,76.24291880516245
Bradford Forster Square,Yorkshire and the Humber,1994854,1457418,73.05888049952529
Bradford Interchange,Yorkshire and the Humber,2609372,2359354,90.41846084038612
Bradford-On-Avon,South West,534086,532216,99.6498691222013
Brading,South East,42170,17080,40.502727057149635
Braintree,East of England,727982,630814,86.65241723009635
Braintree Freeport,East of England,91574,141614,154.64433136042982
Bramhall,North West,326008,214228,65.71249785281343
Bramley (Hampshire),South East,301134,264730,87.91102964128926
Bramley (West Yorkshire),Yorkshire and the Humber,335624,336358,100.21869711343648
Brampton (Cumbria),North West,17032,15976,93.79990605918272
Brampton (Suffolk),East of England,9532,14508,152.2031053294167
Branchton,Scotland,110698,122300,110.48076749354098
Brandon,East of England,117798,128812,109.34990407307426
Branksome,South West,286162,280126,97.89070526484997
Braystones,North West,1036,1472,142.0849420849421
Bredbury,North West,232302,172036,74.05704643093904
Breich,Scotland,342,5924,1732.1637426900584
Brentford,London,1762670,976928,55.42319322391599
Brentwood,East of England,3210516,3232020,100.66979887345211
Bricket Wood,East of England,36840,27058,73.44733984799132
Bridge Of Allan,Scotland,290858,268412,92.28283217240028
Bridge Of Orchy,Scotland,6490,7958,122.61941448382126
Bridgend,Wales,1559076,1379566,88.4861289635656
Bridgeton,Scotland,715782,802898,112.17074472395225
Bridgwater,South West,365788,486562,133.0174855380712
Bridlington,Yorkshire and the Humber,452690,546078,120.62956990434957
Brierfield,North West,25504,36894,144.65966122961106
Brigg,Yorkshire and the Humber,928,1636,176.29310344827587
Brighouse,Yorkshire and the Humber,388522,387592,99.76063131560117
Brighton,South East,17384634,15328450,88.17240558530021
Brimsdown,London,988074,1135474,114.91791100666549
Brinnington,North West,98004,88708,90.51467287049508
Bristol Parkway,South West,2208904,2325558,105.2810805720846
Bristol Temple Meads,South West,11367652,10877308,95.68649708840489
Brithdir,Wales,13094,13052,99.67924240109974
Briton Ferry,Wales,35256,41642,118.11322895393693
Brixton,London,1227746,804378,65.51664595119837
Broad Green,North West,423710,415724,98.11522031578203
Broadbottom,North West,197316,130298,66.03519228040301
Broadstairs,South East,798842,794074,99.40313603941706
Brockenhurst,South East,1072642,986394,91.95929303532773
Brockholes,Yorkshire and the Humber,56236,37888,67.37321288854115
Brockley,London,4428748,3668366,82.83076842484603
Bromborough,North West,635082,530726,83.56810616581795
Bromborough Rake,North West,311362,222626,71.50069693796931
Bromley Cross (Lancs),North West,328540,311940,94.94734278931028
Bromley North,London,505472,226164,44.74313117244872
Bromley South,London,8368348,6193798,74.01458447951734
Bromsgrove,West Midlands,752792,695994,92.45502077599124
Brondesbury,London,2761092,2442938,88.47724016439872
Brondesbury Park,London,1121536,1067324,95.1662719698699
Brookmans Park,East of England,233128,275238,118.06303833087404
Brookwood,South East,1035048,874760,84.5139549083714
Broome,West Midlands,1118,1682,150.44722719141325
Broomfleet,Yorkshire and the Humber,716,1300,181.56424581005587
Brora,Scotland,6992,5836,83.46681922196795
Brough,Yorkshire and the Humber,458664,551506,120.2418328013535
Broughty Ferry,Scotland,57454,148586,258.6173286455251
Broxbourne,East of England,1915332,1797220,93.83334064277106
Bruce Grove,London,1111886,1364934,122.75844825818474
Brundall,East of England,97164,103312,106.32744637931744
Brundall Gardens,East of England,12248,17886,146.0320052253429
Brunstane,Scotland,178068,156782,88.04613967697733
Brunswick,North West,1128162,847394,75.1127940845375
Bruton,South West,42798,53002,123.84223561848684
Bryn,North West,160748,105238,65.4676885560007
Buckenham,East of England,216,284,131.4814814814815
Buckley,Wales,40504,44006,108.6460596484298
Bucknell,West Midlands,3758,3858,102.66098988823842
Buckshaw Parkway,North West,366486,355252,96.934671447204
Bugle,South West,5616,6528,116.23931623931625
Builth Road,Wales,7132,5582,78.26696578799776
Bulwell,East Midlands,68178,71838,105.368300624835
Bures,East of England,60432,53342,88.26780513635161
Burgess Hill,South East,1838748,1676614,91.18236974289027
Burley Park,Yorkshire and the Humber,694704,756200,108.85211543333564
Burley-In-Wharfedale,Yorkshire and the Humber,495522,606872,122.47125253772788
Burnage,North West,211880,171926,81.14309986784973
Burneside (Cumbria),North West,14112,28192,199.77324263038548
Burnham (Buckinghamshire),South East,1396596,1725890,123.5783290228527
Burnham-On-Crouch,East of England,241362,227510,94.26090271045152
Burnley Barracks,North West,18028,29796,165.27623696472153
Burnley Central,North West,91204,114562,125.61071882812158
Burnley Manchester Road,North West,422116,583322,138.18997621506884
Burnside (South Lanarkshire),Scotland,272764,225114,82.53068586763649
Burntisland,Scotland,225594,206194,91.4004805092334
Burscough Bridge,North West,216156,166054,76.82136975147579
Burscough Junction,North West,34936,50780,145.35149988550492
Bursledon,South East,60754,68028,111.97287421404351
Burton Joyce,East Midlands,16084,13392,83.26286993285252
Burton-On-Trent,West Midlands,875332,913000,104.30328149776314
Bury St Edmunds,East of England,665112,929244,139.71240933857757
Busby,Scotland,174702,110486,63.24255017114858
Bush Hill Park,London,1104330,1188288,107.60261878242916
Bushey,East of England,1520068,1225400,80.61481460039946
Butlers Lane,West Midlands,254278,193930,76.26692045713746
Buxted,South East,125672,99310,79.02317143039022
Buxton,East Midlands,345596,381872,110.49664926677391
Byfleet and New Haw,South East,445004,408252,91.7411978319296
Bynea,Wales,2686,2716,101.1169024571854
Cadoxton,Wales,270514,322908,119.36831365474616
Caergwrle,Wales,17160,14738,85.88578088578089
Caerphilly,Wales,760346,623058,81.94400970084672
Caersws,Wales,60626,69134,114.03358295120904
Caldercruix,Scotland,98254,73754,75.06462841207482
Caldicot,Wales,96522,87972,91.14191583265992
Caledonian Road and Barnsbury,London,1733864,1566788,90.36395011373442
Calstock,South West,37834,38968,102.9973040122641
Cam and Dursley,South West,191426,239284,125.00078359261542
Camberley,South East,391680,364372,93.0279820261438
Camborne,South West,266006,372746,140.12691443050156
Cambridge,East of England,11983320,10597572,88.43602607624598
Cambridge Heath,London,786006,1050568,133.65903059264178
Cambridge North,East of England,812972,1459946,179.58133859468714
Cambuslang,Scotland,758836,831150,109.52959532758067
Camden Road,London,4968410,4330314,87.1569375313229
Camelon,Scotland,142044,165762,116.69764298386416
Canada Water,London,23725794,18668762,78.68550995595763
Canley,West Midlands,398880,453276,113.63718411552345
Cannock,West Midlands,208260,329244,158.0927686545664
Canonbury,London,3085176,2834562,91.87683295863835
Canterbury East,South East,1144046,1170446,102.30759951959973
Canterbury West,South East,2662266,2723706,102.30780846091263
Cantley,East of England,20590,20390,99.02865468674113
Capenhurst,North West,179960,206002,114.47099355412314
Carbis Bay,South West,227854,276938,121.54186452728501
Cardenden,Scotland,49636,43222,87.07792731082279
Cardiff Bay,Wales,1531444,755714,49.34649912109094
Cardiff Central,Wales,12934304,12513720,96.74830590034068
Cardiff Queen Street,Wales,2919214,2010584,68.87415585154086
Cardonald,Scotland,250602,222856,88.92826074811853
Cardross,Scotland,145428,156448,107.57763291800752
Carfin,Scotland,100602,118882,118.1706129102801
Cark and Cartmel,North West,71234,93858,131.76011455203977
Carlisle,North West,2074220,2316310,111.67137526395466
Carlton,East Midlands,54632,52580,96.24395958412651
Carluke,Scotland,405328,292568,72.18055500730273
Carmarthen,Wales,383386,439846,114.72667233545305
Carmyle,Scotland,121206,129922,107.191063148689
Carnforth,North West,166556,196102,117.73937894762123
Carnoustie,Scotland,200460,137292,68.4884765040407
Carntyne,Scotland,381342,383786,100.64089452512444
Carpenders Park,East of England,1186250,1224684,103.23995785036881
Carrbridge,Scotland,5584,7020,125.71633237822351
Carshalton,London,1405916,1139060,81.01906515040727
Carshalton Beeches,London,888246,786788,88.57771383152865
Carstairs,Scotland,62376,31886,51.119020135949725
Cartsdyke,Scotland,120508,99116,82.24848142861885
Castle Bar Park,London,79866,112884,141.34174742694012
Castle Cary,South West,222474,354740,159.45234049821553
Castleford,Yorkshire and the Humber,538708,487384,90.47276075350655
Castleton (Manchester),North West,178582,141112,79.01804213190579
Castleton Moor,Yorkshire and the Humber,4928,6668,135.30844155844156
Caterham,South East,1027318,584834,56.92823449019681
Catford,London,1123848,777398,69.17287747097473
Catford Bridge,London,2815980,2512134,89.20993757057933
Cathays,Wales,977984,933746,95.47661311432498
Cathcart,Scotland,663772,544872,82.08722272105481
Cattal,Yorkshire and the Humber,61356,103416,168.5507529825934
Causeland,South West,1620,2108,130.12345679012344
Cefn-Y-Bedd,Wales,7108,8550,120.28700056274619
Chadwell Heath,London,3973098,4874090,122.6773162907132
Chafford Hundred Lakeside,East of England,2911958,2317972,79.60183491657503
Chalfont and Latimer,South East,865584,780010,90.11372668626038
Chalkwell,East of England,1913550,1286264,67.21872958637088
Chandlers Ford,South East,207192,157796,76.15931117031546
Chapel-En-Le-Frith,East Midlands,67196,77786,115.75986665872968
Chapelton (Devon),South West,446,160,35.874439461883405
Chapeltown (South Yorkshire),Yorkshire and the Humber,301998,382952,126.80613778899199
Chappel and Wakes Colne,East of England,39360,32962,83.74491869918698
Charing (Kent),South East,86140,94218,109.37775713954028
Charing Cross (Glasgow),Scotland,2229356,1562948,70.10760058061611
Charlbury,South East,285784,343240,120.1046944545531
Charlton,London,1680552,1269452,75.53779948493114
Chartham,South East,73888,102986,139.3812256388047
Chassen Road,North West,53530,42472,79.34242480851859
Chatelherault,Scotland,108456,76190,70.24968650881463
Chatham,South East,2730416,2397976,87.82456592695033
Chathill,North East,2546,1580,62.05813040062844
Cheadle Hulme,North West,963034,650726,67.5704076906942
Cheam,London,1086296,932574,85.8489767061648
Cheddington,South East,84132,83010,98.6663814006561
Chelford (Cheshire),North West,38906,46262,118.90710944327354
Chelmsford,East of England,8926576,7030130,78.75505681013638
Chelsfield,London,993598,593350,59.71731022002862
Cheltenham Spa,South West,2467768,2418292,97.99511137189558
Chepstow,Wales,252790,239434,94.71656315518811
Cherry Tree,North West,29634,33742,113.86245528784504
Chertsey,South East,727072,638340,87.7959816909467
Cheshunt,East of England,2514920,2547310,101.28791373085426
Chessington North,London,568166,488812,86.03330716727153
Chessington South,London,375964,344218,91.55610643572257
Chester,North West,4972298,5271572,106.01882670749019
Chester Road,West Midlands,1048284,658658,62.832018804064546
Chesterfield,East Midlands,1944524,1820668,93.63052345972588
Chester-Le-Street,North East,199260,232324,116.59339556358526
Chestfield and Swalecliffe,South East,129258,107718,83.33565427284965
Chetnole,South West,3090,2638,85.37216828478964
Chichester,South East,2977098,2687308,90.2660241617844
Chilham,South East,53108,66206,124.66295096783912
Chilworth,South East,20114,27352,135.98488614895098
Chingford,London,2165308,2036058,94.03087228237275
Chinley,East Midlands,128602,128746,100.11197337521966
Chippenham,South West,1972350,1713674,86.88488351458919
Chipstead,South East,154918,87736,56.633832091816316
Chirk,Wales,77106,106900,138.64031333488964
Chislehurst,London,1209164,1012880,83.76696626760307
Chiswick,London,1031340,707048,68.5562472123645
Cholsey,South East,290196,275420,94.90826889412672
Chorley,North West,567494,716034,126.17472607639904
Chorleywood,East of England,564838,493600,87.38788820865452
Christchurch,South West,522964,484080,92.56468896520602
Christs Hospital,South East,174900,168878,96.55688965122927
Church and Oswaldtwistle,North West,28738,59450,206.86895399819053
Church Fenton,Yorkshire and the Humber,93088,159050,170.85983155723616
Church Stretton,West Midlands,124098,123462,99.48750181308321
Cilmeri,Wales,1266,1066,84.20221169036336
City Thameslink,London,7150132,7635634,106.79011240631641
Clacton-on-Sea,East of England,799344,836512,104.64981284653416
Clandon,South East,203266,165566,81.45287455846034
Clapham (North Yorkshire),Yorkshire and the Humber,6576,9690,147.35401459854015
Clapham High Street,London,1908680,1383296,72.47396106209527
Clapham Junction,London,29520132,24447510,82.8163979754562
Clapton,London,1871836,2130232,113.80441448930354
Clarbeston Road,Wales,7216,7670,106.29157427937916
Clarkston,Scotland,569280,320542,56.30656267566049
Claverdon,West Midlands,2842,7820,275.1583391977481
Claygate,South East,656558,516838,78.71932106531334
Cleethorpes,Yorkshire and the Humber,296002,307184,103.7776771778569
Cleland,Scotland,78068,107380,137.54675411179997
Clifton (Manchester),North West,282,1102,390.78014184397165
Clifton Down,South West,628888,817690,130.02156186793198
Clitheroe,North West,263656,264536,100.33376824346875
Clock House,London,1208986,1067284,88.27926874256609
Clunderwen,Wales,21974,22754,103.54964958587422
Clydebank,Scotland,377758,304952,80.72681452146612
Coatbridge Central,Scotland,48156,45164,93.78685937370214
Coatbridge Sunnyside,Scotland,668214,472270,70.67645993648742
Coatdyke,Scotland,289376,236050,81.57207232113237
Cobham and Stoke D'abernon,South East,589700,508614,86.24961845005934
Codsall,West Midlands,125222,135854,108.49052083499704
Cogan,Wales,309080,308096,99.6816358224408
Colchester,East of England,4453178,3648216,81.92387548847138
Colchester Town,East of England,771090,1012034,131.24719552840784
Coleshill Parkway,West Midlands,293748,205662,70.0130724294293
Collingham,East Midlands,116434,141448,121.48341549719154
Collington,South East,191418,182218,95.19376443176712
Colne,North West,66000,82154,124.47575757575757
Colwall,West Midlands,62146,63456,102.10793936858367
Colwyn Bay,Wales,278524,357852,128.48156711809395
Combe (Oxon),South East,2722,1326,48.71418074944893
Commondale,Yorkshire and the Humber,2344,2120,90.44368600682594
Congleton,North West,314312,323770,103.0091119651811
Conisbrough,Yorkshire and the Humber,118012,96416,81.70016608480493
Connel Ferry,Scotland,6996,18594,265.7804459691252
Conon Bridge,Scotland,17530,11716,66.83399885909868
Cononley,Yorkshire and the Humber,188702,182966,96.96028658943732
Conway Park,North West,1002716,630102,62.83952784238009
Conwy,Wales,59030,83682,141.76181602574962
Cooden Beach,South East,108300,131188,121.13388734995382
Cookham,South East,226892,204462,90.114239373799
Cooksbridge,South East,40912,91322,223.2156824403598
Coombe Junction Halt,South West,204,224,109.80392156862746
Copplestone,South West,17868,41732,233.55719722408773
Corbridge,North East,54384,77068,141.71079729332158
Corby,East Midlands,301820,561182,185.93267510436684
Corkerhill,Scotland,277132,209532,75.60729183205115
Corkickle,North West,53668,65558,122.15472907505402
Corpach,Scotland,2814,3776,134.1862117981521
Corrour,Scotland,14344,20500,142.91689905186837
Coryton,Wales,191218,76514,40.01401541695866
Coseley,West Midlands,563340,519672,92.24837575886676
Cosford,West Midlands,87414,82350,94.20687761685771
Cosham,South East,925066,895766,96.8326584265339
Cottingham,Yorkshire and the Humber,211464,318072,150.41425490863693
Cottingley,Yorkshire and the Humber,96604,52858,54.71616082149807
Coulsdon South,London,1680860,1959570,116.58139285841771
Coulsdon Town,London,251790,97562,38.74736883911196
Coventry,West Midlands,8207914,6826768,83.1729962082936
Coventry Arena,West Midlands,111462,135028,121.14263156950351
Cowden (Kent),South East,54354,48136,88.56017956360157
Cowdenbeath,Scotland,157022,121674,77.48850479550636
Cradley Heath,West Midlands,881000,719310,81.64699205448353
Craigendoran,Scotland,119170,163838,137.48258789963916
Cramlington,North East,107800,183856,170.55287569573284
Cranbrook (Devon),South West,107350,120374,112.13227759664647
Craven Arms,West Midlands,100968,99908,98.95016242769987
Crawley,South East,1747126,1370856,78.46348803692464
Crayford,London,1594426,1086958,68.17237049571445
Crediton,South West,57670,187194,324.5951101092422
Cressing (Essex),East of England,39010,51142,131.09971802102024
Cressington,North West,636070,530514,83.40497115097395
Creswell,East Midlands,40070,40768,101.74195158472672
Crewe,North West,3305352,3389590,102.54853340884722
Crewkerne,South West,164344,177884,108.23881614175144
Crews Hill,London,139344,119492,85.7532437708118
Crianlarich,Scotland,16960,16156,95.25943396226415
Criccieth,Wales,27532,36588,132.89263402586081
Cricklewood,London,900650,859464,95.42708044190307
Croftfoot,Scotland,258692,215558,83.32611754518886
Crofton Park,London,794144,699392,88.06866261030744
Cromer,East of England,219244,249402,113.75545054824761
Cromford,East Midlands,41640,49680,119.30835734870317
Crookston,Scotland,194566,184128,94.63523945602007
Cross Gates,Yorkshire and the Humber,524994,474490,90.38008053425372
Crossflatts,Yorkshire and the Humber,535220,442214,82.62284667986995
Crosshill,Scotland,357112,297828,83.39904567754654
Crosskeys,Wales,110526,91558,82.83842715741092
Crossmyloof,Scotland,715910,710384,99.22811526588538
Croston,North West,35598,56382,158.3853025450868
Crouch Hill,London,706722,901274,127.52878784019741
Crowborough,South East,358082,254886,71.18090269826465
Crowhurst,South East,47864,45154,94.33812468661206
Crowle,Yorkshire and the Humber,26956,14622,54.24395310876985
Crowthorne,South East,298916,248220,83.04005138567356
Croy,Scotland,1409026,1402586,99.54294668799582
Crystal Palace,London,3691584,2781506,75.34722222222221
Cuddington,North West,80650,83840,103.95536267823931
Cuffley,East of England,680484,662862,97.41037261713721
Culham,South East,92784,113542,122.37239179168822
Culrain,Scotland,280,318,113.57142857142857
Cumbernauld,Scotland,205622,187882,91.37251850482924
Cupar,Scotland,200492,196056,97.7874428904894
Curriehill,Scotland,69184,124218,179.5472941720629
Cuxton,South East,57986,60952,105.11502776532267
Cwmbach,Wales,28666,49736,173.5017093420777
Cwmbran,Wales,400116,431856,107.93269951714002
Cynghordy,Wales,1046,1188,113.57552581261949
Dagenham Dock,London,416604,424946,102.00238115812618
Daisy Hill,North West,285946,195254,68.28352206360641
Dalgety Bay,Scotland,306016,229602,75.02941022691624
Dalmally,Scotland,6588,13690,207.80206435944143
Dalmarnock,Scotland,414150,462014,111.5571652782808
Dalmeny,Scotland,606138,488872,80.65358053776532
Dalmuir,Scotland,922534,767842,83.23183752577141
Dalreoch,Scotland,291698,196628,67.40807273275784
Dalry,Scotland,210638,168264,79.88302205679886
Dalston (Cumbria),North West,20122,57392,285.2201570420435
Dalston Junction,London,5888846,5648732,95.92256275677782
Dalston Kingsland,London,5978472,5308786,88.79837523701708
Dalton (Cumbria),North West,64192,78420,122.1647557328016
Dalwhinnie,Scotland,3368,3356,99.6437054631829
Danby,Yorkshire and the Humber,6184,8520,137.77490297542045
Danescourt,Wales,111374,83824,75.26352649630972
Danzey,West Midlands,10112,6170,61.01661392405063
Darlington,North East,2394446,2827176,118.0722388393808
Darnall,Yorkshire and the Humber,13024,22132,169.93243243243242
Darsham,East of England,59924,68476,114.27141045324076
Dartford,South East,4622554,4815874,104.18210365957867
Darton,Yorkshire and the Humber,165298,120506,72.90227346973344
Darwen,North West,268350,345590,128.7833053847587
Datchet,South East,340704,228122,66.95606743683666
Davenport,North West,338124,291496,86.20979285705836
Dawlish,South West,536152,580660,108.30137722138498
Dawlish Warren,South West,189756,248086,130.73947595859948
Deal,South East,608346,529856,87.097802895063
Dean (Wilts),South West,29768,38188,128.28540714861595
Deansgate,North West,456140,1719378,376.9408514929627
Deganwy,Wales,12830,24334,189.66484801247077
Deighton,Yorkshire and the Humber,79646,63430,79.6399065866459
Delamere,North West,41680,57136,137.08253358925145
Denby Dale,Yorkshire and the Humber,179400,107738,60.0546265328874
Denham,South East,307920,212456,68.99714211483501
Denham Golf Club,South East,30384,33726,110.99921011058451
Denmark Hill,London,6954844,6020036,86.55889334110154
Dent,North West,7894,9598,121.58601469470484
Denton,North West,46,100,217.39130434782606
Deptford,London,1785086,1643802,92.08531129592636
Derby,East Midlands,3902176,4106660,105.24025569323372
Derby Road (Ipswich),East of England,47938,95046,198.2685969377112
Devonport,South West,39464,49756,126.07946482870464
Dewsbury,Yorkshire and the Humber,1662850,947090,56.95582884806206
Didcot Parkway,South East,3258388,2884000,88.51002397504533
Digby and Sowton,South West,666324,968412,145.33650296252273
Dilton Marsh,South West,17004,21574,126.87602916960714
Dinas (Rhondda),Wales,47380,46050,97.19290840016885
Dinas Powys,Wales,89990,94876,105.4294921657962
Dingle Road,Wales,145484,161876,111.26721838827638
Dingwall,Scotland,81408,62120,76.30699685534591
Dinsdale,North East,59608,88380,148.2686887666085
Dinting,East Midlands,171004,87032,50.89471591307806
Disley,North West,214134,156050,72.87492878291162
Diss,East of England,700586,701420,100.11904320097746
Dockyard (Devonport),South West,4406,15102,342.7598729005901
Dodworth,Yorkshire and the Humber,43388,47920,110.44528441043606
Dolau,Wales,1278,818,64.00625978090767
Doleham,South East,2842,1706,60.028149190710764
Dolgarrog,Wales,826,3588,434.3825665859564
Dolwyddelan,Wales,3838,6412,167.06618030224075
Doncaster,Yorkshire and the Humber,3917948,4533514,115.7114387429338
Dorchester South,South West,421474,466422,110.66447752411774
Dorchester West,South West,151418,96844,63.9580499015969
Dore and Totley,Yorkshire and the Humber,198948,240254,120.76220922049983
Dorking (Deepdene),South East,441182,506136,114.72272214188249
Dorking (Main),South East,1284546,834808,64.98856405298059
Dorking West,South East,61928,40162,64.85273220514145
Dormans,South East,114860,122678,106.80654710081838
Dorridge,West Midlands,803190,824680,102.67558112028287
Dove Holes,East Midlands,6024,10384,172.37715803452855
Dover Priory,South East,995360,1029332,103.4130364893104
Dovercourt,East of England,177752,168182,94.61609433367838
Dovey Junction,Wales,4622,41454,896.8844655993078
Downham Market,East of England,549562,440550,80.16383956678227
Drayton Green,London,29228,23270,79.61543725195018
Drayton Park,London,860124,728922,84.74615288028238
Drem,Scotland,115844,152528,131.66672421532405
Driffield,Yorkshire and the Humber,249840,275396,110.22894652577651
Drigg,North West,9156,7076,77.28265618173876
Droitwich Spa,West Midlands,527594,519318,98.4313695758481
Dronfield,East Midlands,195180,229562,117.6155343785224
Drumchapel,Scotland,337244,331424,98.27424653959744
Drumfrochar,Scotland,73980,71638,96.83427953500946
Drumgelloch,Scotland,418742,275672,65.83337711526428
Drumry,Scotland,248224,233208,93.95062524171716
Duddeston,West Midlands,342734,340568,99.36802301493286
Dudley Port,West Midlands,544410,375972,69.06045076321155
Duffield,East Midlands,68770,66536,96.75149047549803
Duirinish,Scotland,856,904,105.60747663551402
Duke Street,Scotland,181218,224988,124.15322981160813
Dullingham,East of England,41832,32026,76.5586154140371
Dumbarton Central,Scotland,756388,483282,63.89339862610195
Dumbarton East,Scotland,453010,339724,74.99260501975674
Dumbreck,Scotland,170196,148736,87.39100801428941
Dumfries,Scotland,402564,346310,86.02607287288481
Dumpton Park,South East,27398,45098,164.60325571209577
Dunbar,Scotland,477986,416356,87.10631692141611
Dunblane,Scotland,547270,451060,82.42001205986075
Duncraig,Scotland,484,354,73.14049586776859
Dundee,Scotland,2015782,1763546,87.48694055210335
Dunfermline City,Scotland,651254,569702,87.47769687403071
Dunfermline Queen Margaret,Scotland,248510,129910,52.27556235161563
Dunkeld and Birnam,Scotland,36930,61270,165.90847549417816
Dunlop,Scotland,100798,76002,75.40030556161828
Dunrobin Castle,Scotland,1224,1544,126.1437908496732
Dunston,North East,16488,50828,308.27268316351285
Dunton Green,South East,260362,195198,74.97177007397393
Durham,North East,2822860,2809984,99.54386685843434
Durrington-On-Sea,South East,646376,506616,78.37791007091847
Dyce,Scotland,358670,308806,86.09752697465638
Dyffryn Ardudwy,Wales,15134,21934,144.93194132417074
Eaglescliffe,North East,202222,211956,104.81352177310086
Ealing Broadway,London,6554818,15456598,235.8051436363298
Earlestown,North West,386882,330956,85.5444295676718
Earley,South East,608918,425632,69.89972377233059
Earlsfield,London,6878604,5569216,80.96433520522478
Earlswood (Surrey),South East,404288,352176,87.11017888238088
Earlswood (West Midlands),West Midlands,36372,33834,93.02210491586935
East Croydon,London,24769874,20592106,83.13367278331735
East Didsbury,North West,282102,299254,106.08007032917173
East Dulwich,London,1712462,1335792,78.00418345049408
East Farleigh,South East,35742,38974,109.04258295562643
East Garforth,Yorkshire and the Humber,220824,185360,83.94015143281527
East Grinstead,South East,1586800,1100494,69.35303755986891
East Kilbride,Scotland,1055414,582794,55.21946837923317
East Malling,South East,107108,93032,86.85812450984054
East Midlands Parkway,East Midlands,360770,355098,98.42780719017657
East Tilbury,East of England,458116,384542,83.93987549005055
East Worthing,South East,424176,470512,110.92376749273886
Eastbourne,South East,3580630,3754614,104.85903318689729
Eastbrook,Wales,171072,142166,83.10302095024316
Easterhouse,Scotland,380208,317196,83.42696629213484
Eastham Rake,North West,427608,371254,86.8211071822791
Eastleigh,South East,1665426,1191848,71.56415235501306
Eastrington,Yorkshire and the Humber,2100,3378,160.85714285714286
Ebbsfleet International,South East,2106802,1765258,83.7885097887699
Ebbw Vale Parkway,Wales,38834,40736,104.89776999536488
Ebbw Vale Town,Wales,244294,248760,101.82812512791963
Eccles (Manchester),North West,158616,257328,162.2333182024512
Eccles Road,East of England,2952,1534,51.96476964769647
Eccleston Park,North West,72058,74390,103.23628188403787
Edale,East Midlands,93860,171814,183.05348391220969
Eden Park,London,616776,558530,90.55637703153171
Edenbridge (Kent),South East,287870,175966,61.12689755792545
Edenbridge Town,South East,302200,322154,106.60291197882196
Edge Hill,North West,144050,209880,145.69940992710863
Edinburgh,Scotland,23872996,22755164,95.31758812341778
Edinburgh Gateway,Scotland,323698,254676,78.6770384741333
Edinburgh Park,Scotland,914576,558812,61.10066303948496
Edmonton Green,London,3622730,3486764,96.24686355317674
Effingham Junction,South East,292544,243110,83.10202909647779
Eggesford,South West,29802,52658,176.69283940675123
Egham,South East,2072838,1851978,89.34504288323545
Egton,Yorkshire and the Humber,11698,10100,86.33954522140537
Elephant and Castle,London,2919878,2169236,74.292008090749
Elgin,Scotland,306206,295372,96.46185900994755
Ellesmere Port,North West,425876,556188,130.59857798983742
Elmers End,London,1134028,802120,70.73193959937497
Elmstead Woods,London,1213160,927220,76.43014936199677
Elmswell,East of England,71078,121748,171.28788091955315
Elsecar,Yorkshire and the Humber,160548,196124,122.15910506515186
Elsenham (Essex),East of England,252716,222928,88.21285553744124
Elstree and Borehamwood,East of England,3231026,2760150,85.42642491889573
Eltham,London,2119492,1758352,82.96101141216857
Elton and Orston,East Midlands,164,68,41.46341463414634
Ely,East of England,2386744,2299024,96.32470009351653
Emerson Park,London,349632,302740,86.58818414790407
Emsworth,South East,349556,362368,103.66522102324092
Energlyn and Churchill Park,Wales,111878,80900,72.31091009850014
Enfield Chase,London,1552640,1166152,75.10768755152515
Enfield Lock,London,1332560,1459366,109.51596926217206
Enfield Town,London,2335250,2343318,100.34548763515683
Entwistle,North West,10890,19988,183.544536271809
Epsom (Surrey),South East,3981152,3342368,83.95479499401178
Epsom Downs,South East,110374,125822,113.99604979433562
Erdington,West Midlands,1051796,481364,45.765908978547174
Eridge,South East,117648,82636,70.24003807969537
Erith,London,1036532,740404,71.430886841892
Esher,South East,1179918,877074,74.33347063100996
Eskbank,Scotland,367042,286350,78.01559494553757
Essex Road,London,856598,697932,81.47719233526112
Etchingham,South East,255324,209228,81.94607635788253
Euxton Balshaw Lane,North West,62740,75928,121.02008288173414
Evesham,West Midlands,234006,287118,122.69685392682239
Ewell East,South East,604486,490410,81.12842977339425
Ewell West,South East,1458534,970948,66.57013137849374
Exeter Central,South West,2532450,2962450,116.97960473059685
Exeter St David's,South West,2619776,2922288,111.5472467875116
Exeter St Thomas,South West,243144,329086,135.34613233310301
Exhibition Centre (Glasgow),Scotland,1943180,1772544,91.21872394734405
Exmouth,South West,946880,999764,105.58507941872254
Exton,South West,27302,25256,92.50604351329574
Eynsford,South East,187308,155580,83.0610545198283
Fairbourne,Wales,41420,44390,107.17044905842587
Fairfield,North West,41296,25986,62.92619139868268
Fairlie,Scotland,39498,38032,96.28841966681857
Fairwater,Wales,82180,105640,128.54709174981747
Falconwood,London,1045686,823276,78.73070883611332
Falkirk Grahamston,Scotland,720008,611856,84.97905578826902
Falkirk High,Scotland,909868,773200,84.97935964337684
Falls Of Cruachan,Scotland,538,1782,331.2267657992565
Falmer,South East,1593072,1421366,89.22170498257455
Falmouth Docks,South West,96726,145458,150.38148998201103
Falmouth Town,South West,213934,278064,129.97653481914983
Fareham,South East,1701386,1740046,102.27226508270316
Farnborough (Main),South East,3112336,2235212,71.81782429660551
Farnborough North,South East,672920,483280,71.81834393390002
Farncombe,South East,868654,568436,65.4387132275912
Farnham,South East,1562588,1494080,95.6157349218092
Farningham Road,South East,210874,131516,62.367100733139225
Farnworth,North West,46380,50790,109.50840879689521
Farringdon,London,15087488,50171290,332.5357408734973
Fauldhouse,Scotland,36334,46148,127.01051356855837
Faversham,South East,1568680,1525470,97.24545477726497
Faygate,South East,8298,9478,114.22029404675827
Fazakerley,North West,1250320,1107238,88.55636956939024
Fearn,Scotland,4304,3780,87.82527881040892
Featherstone,Yorkshire and the Humber,62218,86004,138.23009418496255
Felixstowe,East of England,187454,278504,148.57191631013475
Feltham,London,4316484,3626102,84.00591777937785
Feniton,South West,63808,54896,86.03309929789368
Fenny Stratford,South East,26292,26144,99.43709113038186
Fernhill,Wales,23106,27334,118.29827750367869
Ferriby,Yorkshire and the Humber,44918,55512,123.58519969722606
Ferryside,Wales,19044,16476,86.51543793320731
Ffairfach,Wales,2372,3992,168.29679595278247
Filey,Yorkshire and the Humber,105844,172798,163.25724651373721
Filton Abbey Wood,South West,901872,693586,76.90514840243405
Finchley Road and Frognal,London,2155436,1876386,87.0536633887529
Finsbury Park,London,7614996,11176026,146.76338634977614
Finstock,South East,1714,1136,66.2777129521587
Fishbourne (Sussex),South East,71168,67938,95.46144334532374
Fishersgate,South East,132654,97326,73.36831154733366
Fishguard and Goodwick,Wales,19838,18262,92.0556507712471
Fishguard Harbour,Wales,13982,9606,68.70261765126592
Fiskerton,East Midlands,37102,27828,75.00404290873807
Fitzwilliam,Yorkshire and the Humber,282088,273296,96.88324210884547
Five Ways,West Midlands,2301032,1302172,56.59078187526293
Fleet,South East,1884432,1400680,74.32902858792464
Flimby,North West,9474,17316,182.77390753641544
Flint,Wales,273340,333542,122.02458476622522
Flitwick,East of England,1630520,1276900,78.31244020312539
Flixton,North West,144338,119346,82.68508639443527
Flowery Field,North West,274162,183740,67.01876992435129
Folkestone Central,South East,1055010,817324,77.47073487455096
Folkestone West,South East,793296,970078,122.28449406022467
Ford,South East,118168,116966,98.98280414325367
Forest Gate,London,2980888,5835876,195.77642635348928
Forest Hill,London,5291880,4229240,79.91942372087047
Formby,North West,1516340,1606086,105.91859345529366
Forres,Scotland,126290,131372,104.02407158128118
Forsinard,Scotland,2530,1562,61.73913043478261
Fort Matilda,Scotland,148000,115730,78.19594594594594
Fort William,Scotland,160418,176226,109.85425575683527
Four Oaks,West Midlands,823494,701024,85.1280033612874
Foxfield,North West,22402,14572,65.04776359253638
Foxton,East of England,101990,98982,97.05069124423963
Frant,South East,147050,112566,76.54947296837811
Fratton,South East,1735300,2080340,119.8835936149369
Freshfield,North West,712078,589314,82.7597538471909
Freshford,South West,53368,55412,103.83001049317943
Frimley,South East,204340,204590,100.12234511108934
Frinton-on-Sea,East of England,200904,208700,103.88046031935652
Frizinghall,Yorkshire and the Humber,439718,433232,98.52496372675215
Frodsham,North West,204234,269138,131.7792336241762
Frome,South West,201332,288048,143.0711461665309
Fulwell,London,416226,437388,105.08425711031988
Furness Vale,East Midlands,26526,25792,97.2329035663123
Furze Platt,South East,182646,178240,97.58768327803512
Gainsborough Central,East Midlands,1494,2372,158.76840696117804
Gainsborough Lea Road,East Midlands,164188,211442,128.78042244256585
Galashiels,Scotland,360416,309374,85.83803160791975
Garelochhead,Scotland,8818,17740,201.1794057609435
Garforth,Yorkshire and the Humber,644484,561056,87.05507041291948
Gargrave,Yorkshire and the Humber,30462,40672,133.51716893178386
Garrowhill,Scotland,489846,369700,75.4726995831343
Garscadden,Scotland,225712,217630,96.41933082866662
Garsdale,North West,15572,17054,109.5170819419471
Garston (Hertfordshire),East of England,80724,53142,65.83172290768545
Garswood,North West,190210,135728,71.35692129751328
Gartcosh,Scotland,186666,180516,96.70534537623348
Garth (Bridgend County),Wales,12182,22396,183.84501723854868
Garth (Powys),Wales,1340,1118,83.43283582089552
Garve,Scotland,3212,3964,123.41220423412204
Gathurst,North West,94320,74078,78.53901611535198
Gatley,North West,349700,373524,106.81269659708322
Gatwick Airport,South East,21225246,21211048,99.93310796020927
Georgemas Junction,Scotland,1576,1992,126.3959390862944
Gerrards Cross,South East,1512018,1102694,72.92862915653122
Gidea Park,London,2833972,2998252,105.7968109776667
Giffnock,Scotland,359202,235042,65.43449089927115
Giggleswick,Yorkshire and the Humber,9962,15486,155.45071270829152
Gilberdyke,Yorkshire and the Humber,58018,76958,132.64504119411217
Gilfach Fargoed,Wales,4396,5142,116.96997270245677
Gillingham (Dorset),South West,378014,357614,94.60337447819393
Gillingham (Kent),South East,2747444,2542112,92.52643547966764
Gilshochill,Scotland,91182,68720,75.3657520124586
Gipsy Hill,London,1757758,1401264,79.71882363783865
Girvan,Scotland,109028,61504,56.41119712367465
Glaisdale,Yorkshire and the Humber,23316,19420,83.29044433007377
Glan Conwy,Wales,3932,7148,181.79043743641913
Glasgow Central,Scotland,32797088,25293930,77.1224872159382
Glasgow Queen Street,Scotland,17207208,14950752,86.88656521150904
Glasshoughton,Yorkshire and the Humber,160358,108944,67.9379887501715
Glazebrook,North West,49574,25546,51.531044499132605
Gleneagles,Scotland,77998,104594,134.09831021308239
Glenfinnan,Scotland,12486,18274,146.35591862886432
Glengarnock,Scotland,388982,290886,74.78135235049437
Glenrothes with Thornton,Scotland,76810,50756,66.07993750813696
Glossop,East Midlands,1114454,739966,66.39717745191815
Gloucester,South West,1520744,1763556,115.96665842508666
Glynde,South East,68436,68736,100.43836577240049
Gobowen,West Midlands,223378,247608,110.84708431448038
Godalming,South East,1385748,1687572,121.78058348271115
Godley,North West,107450,74244,69.09632387156816
Godstone,South East,75704,67778,89.53027581105357
Goldthorpe,Yorkshire and the Humber,57192,72756,127.21359630717583
Golf Street,Scotland,280,1292,461.4285714285714
Golspie,Scotland,6150,5352,87.02439024390245
Gomshall,South East,55336,58620,105.93465375162643
Goodmayes,London,3498332,4772640,136.42615966694984
Goole,Yorkshire and the Humber,277632,324606,116.9195193637621
Goostrey,North West,42266,39526,93.5172479061184
Gordon Hill,London,1423902,1152836,80.96315617226466
Gorebridge,Scotland,123930,121090,97.70838376502866
Goring and Streatley,South East,432860,360440,83.26941736358175
Goring-By-Sea,South East,559724,549464,98.16695371290136
Gorton,North West,122648,58130,47.39579936077229
Gospel Oak,London,2699604,2664268,98.6910672824607
Gourock,Scotland,518812,400706,77.23529910642006
Gowerton,Wales,183104,158620,86.62836420831877
Goxhill,Yorkshire and the Humber,13716,10864,79.20676582093905
Grange Park,London,421216,493126,117.07200106358732
Grange-Over-Sands,North West,134700,154568,114.74981440237566
Grangetown (Cardiff),Wales,206506,258616,125.23413363292109
Grantham,East Midlands,1413006,1484114,105.0323919360569
Grateley,South East,265440,281170,105.92600964436407
Gravelly Hill,West Midlands,908316,390286,42.96808599650342
Gravesend,South East,3087304,2886256,93.48791048759695
Grays,East of England,4165432,3585722,86.08283606598307
Great Ayton,Yorkshire and the Humber,7726,13508,174.83820864612994
Great Bentley,East of England,81144,105230,129.6830326333432
Great Chesterford,East of England,110120,100560,91.31856156919724
Great Coates,Yorkshire and the Humber,11042,6340,57.417134577069376
Great Malvern,West Midlands,531124,428770,80.72879402926624
Great Missenden,South East,582730,399198,68.50479638940847
Great Yarmouth,East of England,381002,439660,115.3957197075081
Green Lane,North West,490196,374800,76.45921223347396
Green Road,North West,7918,7480,94.46830007577671
Greenbank,North West,223058,214818,96.30589353441705
Greenfaulds,Scotland,125290,115778,92.40801340889138
Greenfield,North West,398628,350528,87.93361229015522
Greenford,London,152698,140064,91.72615227442402
Greenhithe for Bluewater,South East,1155214,856592,74.15007089595521
Greenock Central,Scotland,365330,244898,67.03473571839159
Greenock West,Scotland,514520,334786,65.06763585477728
Greenwich,London,3623470,2439476,67.32430515500334
Gretna Green,Scotland,45884,51464,112.16110190916224
Grimsby Docks,Yorkshire and the Humber,4830,3676,76.10766045548655
Grimsby Town,Yorkshire and the Humber,456768,438712,96.04700854700855
Grindleford,East Midlands,58616,126460,215.74314180428553
Grosmont,Yorkshire and the Humber,12390,15484,124.97175141242937
Grove Park,London,2740092,2296634,83.81594486608479
Guide Bridge,North West,382542,268220,70.11517689560884
Guildford,South East,7494002,6372542,85.03523217634583
Guiseley,Yorkshire and the Humber,1224376,1019178,83.24060582696818
Gunnersbury,London,2436780,1961546,80.49745976247344
Gunnislake,South West,60396,50302,83.286972647195185
Gunton,East of England,19188,36122,188.25307483844068
Gwersyllt,Wales,23408,29408,125.63226247436774
Gypsy Lane,North East,31204,44024,141.084476349186
Habrough,Yorkshire and the Humber,39172,59518,151.94016133973247
Hackbridge,London,906394,911110,100.5203035324594
Hackney Central,London,4183084,5316954,127.10607771682328
Hackney Downs,London,4477592,3015486,67.3461539148721
Hackney Wick,London,2777516,4211192,151.61720040496616
Haddenham and Thame Parkway,South East,960972,888752,92.48469258209397
Haddiscoe,East of England,13580,14758,108.67452135493372
Hadfield,East Midlands,400912,262940,65.58546513948198
Hadley Wood,London,410386,362264,88.27396646084418
Hag Fold,North West,44888,73542,163.83443236499733
Haggerston,London,3538534,3651250,103.18538694272826
Hagley,West Midlands,524806,494246,94.17689584341642
Hairmyres,Scotland,673386,436178,64.77384442206996
Hale (Manchester),North West,144486,130750,90.49319657267833
Halesworth,East of England,102016,124996,122.525878293601
Halewood,North West,53594,58030,108.27704593797813
Halifax,Yorkshire and the Humber,1842644,1803018,97.84950321386007
Hall Green,West Midlands,474898,339132,71.41154521602535
Hall Road,North West,460036,383818,83.4321661782991
Halling,South East,95024,109218,114.9372790031992
Hall-I'-Th'-Wood,North West,177182,196486,110.89501190865889
Haltwhistle,North East,70458,96252,136.60904368559994
Ham Street,South East,98590,81830,83.00030429049599
Hamble,South East,111232,89658,80.60450230149597
Hamilton Central,Scotland,756528,686520,90.74614554914028
Hamilton West,Scotland,774500,683164,88.20710135571336
Hammerton,Yorkshire and the Humber,28586,56850,198.87357447701672
Hampden Park (Sussex),South East,633538,861166,135.92965220712884
Hampstead Heath,London,3569998,3511646,98.36548928038616
Hampton (London),London,1007302,948726,94.18486213667798
Hampton Court,South East,1616592,1469460,90.8986311945129
Hampton Wick,London,994016,810634,81.55140359913725
Hampton-In-Arden,West Midlands,196678,210864,107.21280468583166
Hamstead (Birmingham),West Midlands,332020,230862,69.53255827962171
Hamworthy,South West,155118,145478,93.78537629417605
Hanborough,South East,224290,376462,167.84609211288958
Handforth,North West,296054,333294,112.57878630249887
Hanwell,London,389010,1691400,434.7960206678492
Hapton,North West,14274,13360,93.59674933445426
Harlech,Wales,135362,129000,95.30001034263678
Harlesden,London,1037716,1553164,149.67139371465797
Harling Road,East of England,2880,1768,61.38888888888889
Harlington (Bedfordshire),East of England,339092,307596,90.71166527078198
Harlow Mill,East of England,248136,278544,112.25457007447528
Harlow Town,East of England,1913192,1847334,96.55768997570551
Harold Wood,London,3088968,3637666,117.76314937545484
Harpenden,East of England,3373086,2806312,83.19716722313039
Harrietsham,South East,99320,98904,99.58115183246073
Harringay,London,1207140,1140210,94.4554898354789
Harringay Green Lanes,London,1075256,1425034,132.52974175452172
Harrington,North West,24422,36300,148.6364753091475
Harrogate,Yorkshire and the Humber,1661406,1879366,113.119008839501
Harrow and Wealdstone,London,3713016,3966818,106.83546744748745
Harrow-On-The-Hill,London,2635282,3069228,116.46677661062459
Hartford (Cheshire),North West,290082,218272,75.24493074372074
Hartlebury,West Midlands,57538,66184,115.0265911223887
Hartlepool,North East,628846,713672,113.48915314719343
Hartwood,Scotland,11628,15140,130.202958376333
Harwich International,East of England,110944,117528,105.93452552639168
Harwich Town,East of England,151076,112064,74.17723529879001
Haslemere,South East,1840386,1457816,79.21251302715844
Hassocks,South East,1364668,1254686,91.94075042427902
Hastings,South East,2382998,2168544,91.00066386962978
Hatch End,London,700568,695916,99.33596738646355
Hatfield (Herts),East of England,2359990,2458060,104.15552608273764
Hatfield and Stainforth,Yorkshire and the Humber,73108,72000,98.48443398807244
Hatfield Peverel,East of England,427276,361514,84.60901150544379
Hathersage,East Midlands,68642,112126,163.3489700183561
Hattersley,North West,111354,87516,78.59259658386767
Hatton,West Midlands,82158,34912,42.4937315903503
Havant,South East,2326412,2082866,89.53126101481594
Havenhouse,East Midlands,158,902,570.8860759493671
Haverfordwest,Wales,123926,113300,91.42552813775963
Hawarden,Wales,31312,30564,97.61113949923353
Hawarden Bridge,Wales,3268,10230,313.03549571603423
Hawkhead,Scotland,244326,217388,88.97456676735182
Haydon Bridge,North East,37504,47444,126.50383959044369
Haydons Road,London,339922,322800,94.9629620913033
Hayes (Kent),London,1176298,940160,79.92532504518412
Hayes and Harlington,London,4203362,8450164,201.03345845539832
Hayle,South West,83446,154548,185.20719986578146
Haymarket,Scotland,3068112,3334408,108.6794745433022
Haywards Heath,South East,4382064,3957580,90.31314923743697
Hazel Grove,North West,801594,518622,64.69883756614945
Headcorn,South East,628134,578394,92.08130749171355
Headingley,Yorkshire and the Humber,381176,391286,102.6523180892816
Headstone Lane,London,451654,516542,114.3667497686282
Heald Green,North West,513342,420190,81.853812857705
Healing,Yorkshire and the Humber,8490,6680,78.68080094228505
Heath High Level,Wales,441038,424834,96.32594016842087
Heath Low Level,Wales,71794,47556,66.23951862272614
Heaton Chapel,North West,849320,623242,73.38129326991005
Hebden Bridge,Yorkshire and the Humber,792174,907830,114.59982276621045
Heckington,East Midlands,66494,40268,60.55884741480434
Hedge End,South East,522492,402116,76.96117835297
Hednesford,West Midlands,173906,276156,158.79613124331536
Heighington,North East,22726,37274,164.01478482795036
Helensburgh Central,Scotland,753118,671306,89.13689488234247
Helensburgh Upper,Scotland,14046,12520,89.13569699558593
Hellifield,Yorkshire and the Humber,24490,42272,172.60922825643118
Helmsdale,Scotland,5044,4242,84.09992069785885
Helsby,North West,93374,123710,132.48870135155397
Hemel Hempstead,East of England,2008894,1610586,80.17277168431983
Hendon,London,1152950,1027036,89.07897133440305
Hengoed,Wales,166510,128690,77.28664945048345
Henley-In-Arden,West Midlands,143018,88760,62.062118055069995
Henley-On-Thames,South East,770904,835354,108.36031464358726
Hensall,Yorkshire and the Humber,252,580,230.15873015873015
Hereford,West Midlands,1215784,1229916,101.16237752758714
Herne Bay,South East,984462,834602,84.77747236561696
Herne Hill,London,2887852,2434224,84.29185429170192
Hersham,South East,857684,722278,84.2126004449191
Hertford East,East of England,1313442,1076556,81.96448720232793
Hertford North,East of England,1258570,1031580,81.96445171901445
Hessle,Yorkshire and the Humber,49400,82812,167.63562753036436
Heswall,North West,90548,91244,100.76865309007377
Hever,South East,45854,46240,100.84180224189821
Heworth,North East,22588,45528,201.55834956614132
Hexham,North East,342808,431278,125.8074490676997
Heyford,South East,39028,45552,116.71620375115302
Heysham Port,North West,7698,12764,165.80930111717328
High Brooms,South East,1256908,1148824,91.40080260448656
High Street (Glasgow),Scotland,789096,841292,106.61465778561798
High Wycombe,South East,3070594,2160748,70.36905562897601
Higham,South East,172878,138280,79.98704288573445
Highams Park,London,2817380,2737710,97.17219544399407
Highbridge and Burnham,South West,205232,248906,121.28030716457472
Highbury and Islington,London,30439574,23982528,78.78733125503004
Hightown,North West,353172,297352,84.19467001914082
Hildenborough,South East,601276,352930,58.69683805773056
Hillfoot,Scotland,331928,258436,77.85905377069726
Hillington East,Scotland,279018,230266,82.52729214602643
Hillington West,Scotland,294172,274120,93.18357967447616
Hillside,North West,685694,641590,93.5679763859681
Hilsea,South East,338306,360224,106.47875000738975
Hinchley Wood,South East,368546,283410,76.8994915153061
Hinckley (Leics),East Midlands,349176,377764,108.187275185007
Hindley,North West,294844,240130,81.4430681987763
Hinton Admiral,South East,164258,134158,81.67516955034154
Hitchin,East of England,3265142,2940178,90.04747726132585
Hither Green,London,3529314,2899052,82.14208200233813
Hockley,East of England,724288,818190,112.96473226119997
Hollingbourne,South East,69852,62252,89.1198534043406
Holmes Chapel,North West,197712,243856,123.33899813870681
Holmwood,South East,66400,55806,84.04518072289157
Holton Heath,South West,28368,42058,148.25860124083474
Holyhead,Wales,216782,236886,109.27383269828677
Holytown,Scotland,126998,165274,130.1390573079891
Homerton,London,4931672,4685786,95.01414530406727
Honeybourne,West Midlands,66612,113180,169.90932564703056
Honiton,South West,359130,337040,93.84902403029544
Honley,Yorkshire and the Humber,53902,45226,83.9041222960187
Honor Oak Park,London,3155790,2553270,80.9074748319755
Hook,South East,727634,487728,67.02930319363855
Hooton,North West,813186,729906,89.75880056961138
Hope (Derbyshire),East Midlands,68820,97946,142.3219994187736
Hope (Flintshire),Wales,21424,23332,108.90589992531741
Hopton Heath,West Midlands,1510,2230,147.68211920529802
Horley,South East,969592,1312392,135.3550771871055
Hornbeam Park,Yorkshire and the Humber,397636,458274,115.24962528543693
Hornsey,London,1654042,1664926,100.65802440324974
Horsforth,Yorkshire and the Humber,1096574,889978,81.1598670039596
Horsham,South East,2872046,2464238,85.80078452782442
Horsley,South East,421010,348950,82.88401700672193
Horton-In-Ribblesdale,Yorkshire and the Humber,18968,23176,122.18473218051456
Horwich Parkway,North West,579980,549902,94.813959102038
Hoscar,North West,1242,802,64.573268921095
Hough Green,North West,161576,192584,119.19096895578551
Hounslow,London,1249956,850306,68.02687454598401
Hove,South East,2332418,2028988,86.99075380141981
Hoveton and Wroxham,East of England,136414,134424,98.54120544812116
How Wood (Hertfordshire),East of England,34690,29104,83.89737676563851
Howden,Yorkshire and the Humber,110764,135878,122.67343180094616
Howwood (Renfrewshire),Scotland,94888,75126,79.17334120225951
Hoxton,London,3303932,4083552,123.59673262040502
Hoylake,North West,573766,470456,81.99440189903201
Hubberts Bridge,East Midlands,1262,764,60.538827258320126
Hucknall,East Midlands,198968,168608,84.74126492702344
Huddersfield,Yorkshire and the Humber,4897612,3136040,64.03202213650245
Hull,Yorkshire and the Humber,2356812,2908428,123.40517614472431
Humphrey Park,North West,30960,30068,97.11886304909561
Huncoat,North West,18878,24574,130.17268778472294
Hungerford,South East,321464,311612,96.93527113455939
Hunmanby,Yorkshire and the Humber,22704,40664,179.10500352360816
Huntingdon,East of England,1786548,1572480,88.01778625595283
Huntly,Scotland,77782,65636,84.38456198092103
Hunts Cross,North West,1452752,1400326,96.39126292718923
Hurst Green,South East,693908,515280,74.25768257463525
Hutton Cranswick,Yorkshire and the Humber,42724,44492,104.13818930811722
Huyton,North West,595444,694522,116.63934811669947
Hyde Central,North West,108708,68992,63.46543032711484
Hyde North,North West,48836,43946,89.98689491358833
Hykeham,East Midlands,176244,208754,118.44601802047161
Hyndland,Scotland,1692282,1389628,82.11562848272332
Hythe (Essex),East of England,265716,433168,163.0191633172259
Ifield,South East,329840,257986,78.21549842347805
Ilford,London,7942174,10927468,137.58786951784234
Ilkeston,East Midlands,130398,203260,155.87662387459932
Ilkley,Yorkshire and the Humber,1341652,1358126,101.22788919928564
Imperial Wharf,London,3123322,2859328,91.54765342798468
Ince (Manchester),North West,20856,12836,61.545838128116614
Ince and Elton (Cheshire),North West,552,98,17.753623188405797
Ingatestone,East of England,923050,779214,84.417312171605
Insch,Scotland,69952,66866,95.58840347666971
Invergordon,Scotland,28806,23476,81.49691036589599
Invergowrie,Scotland,5722,22066,385.6343935686823
Inverkeithing,Scotland,1235204,953162,77.16636280322926
Inverkip,Scotland,106628,82900,77.74693326330795
Inverness,Scotland,1243338,1172640,94.3138551222596
Invershin,Scotland,284,362,127.46478873239437
Inverurie,Scotland,355824,359792,101.11515805566798
Ipswich,East of England,3416026,3371206,98.68794909640619
Irlam,North West,358312,262430,73.24063944272031
Irvine,Scotland,912174,685016,75.09707577720917
Isleworth,London,1398884,956838,68.40009607658676
Islip,South East,35584,39188,110.12814748201438
Iver,South East,258664,362658,140.20428045649956
Ivybridge,South West,54482,136994,251.44818472155941
James Cook University Hospital,North East,37080,60804,163.98058252427182
Jewellery Quarter,West Midlands,513712,446292,86.87591490952128
Johnston (Pembs),Wales,8270,9062,109.57678355501814
Johnstone (Renfrewshire),Scotland,1332406,1139862,85.54914943343096
Jordanhill,Scotland,295446,264422,89.49926551721803
Kearsley (Manchester),North West,40152,54888,136.70053795576808
Kearsney (Kent),South East,45878,47626,103.81010506124939
Keighley,Yorkshire and the Humber,1623002,1405910,86.62404605786068
Keith,Scotland,81112,76798,94.68142814873262
Kelvedon,East of England,847748,599812,70.75357299574874
Kelvindale,Scotland,84650,58426,69.02067336089782
Kemble,South West,387798,444760,114.6885749797575
Kempston Hardwick,East of England,9692,9782,100.92860090796533
Kempton Park Racecourse,South East,52822,58120,110.02991177918291
Kemsing,South East,22476,16834,74.89766862431037
Kemsley,South East,180394,208860,115.77990398793752
Kendal,North West,172958,180094,104.12585714450908
Kenilworth,West Midlands,170912,181266,106.05808837296387
Kenley,London,435588,268508,61.64265314930623
Kennett,East of England,42684,53638,125.66301190141505
Kennishead,Scotland,91806,157902,171.99529442520097
Kensal Green,London,632316,999796,158.11651136457087
Kensal Rise,London,2807424,2607790,92.88906841289382
Kensington Olympia,London,3636880,2831588,77.85761421878094
Kent House,London,1136432,814336,71.6572570994129
Kentish Town,London,2696768,2589668,96.02857939578044
Kentish Town West,London,2050956,1886418,91.97749732319951
Kenton,London,1063332,1438022,135.23734825999782
Kents Bank,North West,26354,30544,115.89891477574561
Kettering,East Midlands,1062964,1136558,106.92347059731091
Kew Bridge,London,1282132,1162156,90.64246115064596
Kew Gardens,London,1345370,1368612,101.72755450173558
Keyham,South West,7516,16126,214.5556146886642
Keynsham,South West,511642,566218,110.66683344995134
Kidbrooke,London,1524532,1620822,106.31603665911899
Kidderminster,West Midlands,1638322,1242114,75.8162314856298
Kidsgrove,West Midlands,235114,287730,122.37893107173541
Kidwelly,Wales,27596,34566,125.25728366429918
Kilburn High Road,London,815306,758448,93.02617667476997
Kildale,Yorkshire and the Humber,1468,1672,113.89645776566756
Kildonan,Scotland,168,312,185.71428571428572
Kilgetty,Wales,15694,17452,111.20173314642538
Kilmarnock,Scotland,609292,467114,76.66504730080158
Kilmaurs,Scotland,128102,82350,64.28471062122372
Kilpatrick,Scotland,104354,76814,73.60906146386338
Kilwinning,Scotland,1008180,781106,77.47683945327223
Kinbrace,Scotland,510,406,79.6078431372549
Kingham,South East,181790,251844,138.53567302931955
Kinghorn,Scotland,93782,97662,104.13725448380286
Kings Langley,East of England,724994,507206,69.96002725539797
Kings Lynn,East of England,991252,853200,86.07296630927353
Kings Norton,West Midlands,1509026,933856,61.884685883477154
Kings Nympton,South West,5000,6498,129.96
Kings Park,Scotland,231254,191560,82.83532392953204
Kings Sutton,East Midlands,75554,82030,108.57135293961935
Kingsknowe,Scotland,17196,34444,200.30239590602466
Kingston,London,5012744,4360664,86.99155592226533
Kingswood,South East,219092,150156,68.53559235389699
Kingussie,Scotland,40758,42058,103.18955787820796
Kintbury,South East,82290,75280,91.48134645764976
Kirby Cross,East of England,44782,62896,140.44928766022062
Kirk Sandall,Yorkshire and the Humber,107844,85804,79.5630725863284
Kirkby (Merseyside),North West,2488916,1605216,64.49458318400461
Kirkby Stephen,North West,27654,35744,129.2543574166486
Kirkby-in-Ashfield,East Midlands,181416,121654,67.05803236759712
Kirkby-In-Furness,North West,15530,22706,146.20734063103671
Kirkcaldy,Scotland,1109834,856236,77.14991611358096
Kirkconnel,Scotland,21816,18724,85.82691602493583
Kirkdale,North West,1067562,930362,87.14828740625838
Kirkham and Wesham,North West,235812,397926,168.7471375502519
Kirkhill,Scotland,78116,64162,82.13682216191305
Kirknewton,Scotland,44056,71168,161.53985836208463
Kirkstall Forge,Yorkshire and the Humber,232386,378822,163.01412305388448
Kirkwood,Scotland,139210,135706,97.48293944400545
Kirton Lindsey,Yorkshire and the Humber,190,740,389.4736842105263
Kiveton Bridge,Yorkshire and the Humber,67630,69186,102.30075410320862
Kiveton Park,Yorkshire and the Humber,46654,58108,124.5509495434475
Knaresborough,Yorkshire and the Humber,410710,605486,147.42421660052105
Knebworth,East of England,561724,436866,77.77235795515234
Knighton,West Midlands,21892,19208,87.73981363054997
Knockholt,London,254816,188588,74.00948135124953
Knottingley,Yorkshire and the Humber,156730,156292,99.72053850571045
Knucklas,Wales,3548,4156,117.13641488162345
Knutsford,North West,466788,371236,79.5298936562208
Kyle Of Lochalsh,Scotland,60606,46788,77.2002772002772
Ladybank,Scotland,83864,86454,103.0883334923209
Ladywell,London,1308570,1254886,95.8975064383258
Laindon,East of England,2360218,1926978,81.64406847164118
Lairg,Scotland,6016,3978,66.12367021276596
Lake,South East,43236,19744,45.66564899620686
Lakenheath,East of England,454,920,202.64317180616743
Lamphey,Wales,5108,5862,114.76115896632733
Lanark,Scotland,292294,263532,90.1599074904035
Lancaster,North West,2122814,2184042,102.88428472772462
Lancing,South East,964160,979620,101.60346830401592
Landywood,West Midlands,96902,168684,174.07690243751418
Langbank,Scotland,64864,62206,95.90219536260484
Langho,North West,37850,36914,97.52708058124175
Langley (Berks),South East,865536,1153338,133.25130323868677
Langley Green,West Midlands,225018,161198,71.63782452959319
Langley Mill,East Midlands,93078,100238,107.69247297965148
Langside,Scotland,275932,225812,81.83610454749721
Langwathby,North West,18630,20288,108.8996242619431
Langwith-Whaley Thorns,East Midlands,19354,9816,50.71819778857084
Lapford,South West,1316,8488,644.9848024316109
Lapworth,West Midlands,72774,38396,52.760601313655975
Larbert,Scotland,858388,812100,94.60756674138035
Largs,Scotland,445718,384942,86.36447260375394
Larkhall,Scotland,354604,254940,71.89428207239625
Laurencekirk,Scotland,86332,87390,101.22550155214753
Lawrence Hill,South West,148606,339856,228.69601496574833
Layton (Lancs),North West,45414,74558,164.17404324657593
Lazonby and Kirkoswald,North West,10774,18548,172.1551884165584
Lea Bridge,London,414504,877314,211.6539285507498
Lea Green,North West,397832,400690,100.71839369382052
Lea Hall,West Midlands,674132,442584,65.65242415431992
Leagrave,East of England,1894608,1496012,78.96155827485158
Lealholm,Yorkshire and the Humber,15250,6868,45.036065573770486
Leamington Spa,West Midlands,2773782,2544520,91.73467850032915
Leasowe,North West,612146,520920,85.09734605796656
Leatherhead,South East,2062214,1480646,71.79885307732368
Ledbury,West Midlands,218822,194606,88.933471040389
Lee (London),London,1734210,1482668,85.49529757065176
Leeds,Yorkshire and the Humber,30838554,27309508,88.55638302625992
Leicester,East Midlands,5582286,5527136,99.01205348489847
Leigh (Kent),South East,46090,41564,90.18008244738554
Leigh-On-Sea,East of England,2355650,1689868,71.73680300553987
Leighton Buzzard,East of England,1841772,1523698,82.73000132481111
Lelant,South West,10632,31072,292.2498118886381
Lelant Saltings,South West,138012,650,0.4709735385328812
Lenham,South East,111694,130998,117.28293372965423
Lenzie,Scotland,903250,719886,79.69952947688901
Leominster,West Midlands,255694,260220,101.77008455419367
Letchworth Garden City,East of England,1856558,1779634,95.8566336198492
Leuchars (For St. Andrews),Scotland,644262,584032,90.6513188733776
Levenshulme,North West,530462,472012,88.98130309051355
Lewes,South East,2579928,2626246,101.79532141982257
Lewisham,London,10325546,7023970,68.02516787005743
Leyland,North West,307744,450718,146.45874493085162
Leyton Midland Road,London,1178122,1551332,131.6783830537075
Leytonstone High Road,London,837232,1151934,137.58838649263288
Lichfield City,West Midlands,861704,777334,90.20893485466007
Lichfield Trent Valley,West Midlands,1093746,887958,81.18502833381791
Lidlington,East of England,26888,16576,61.64831895269265
Limehouse,London,3553990,2559778,72.02546996474385
Lincoln,East Midlands,1963938,2286040,116.40082324391096
Lingfield,South East,503444,415280,82.48782386918903
Lingwood,East of England,46134,49708,107.74699787575324
Linlithgow,Scotland,1198560,1058874,88.34551461754106
Liphook,South East,551226,608654,110.41823136063972
Liskeard,South West,351172,353556,100.67886961375052
Liss,South East,246820,308448,124.96880317640387
Lisvane and Thornhill,Wales,211502,241176,114.03012737468204
Little Kimble,South East,5572,8926,160.1938262742283
Little Sutton,North West,116676,184024,157.72223936370804
Littleborough,North West,466526,378280,81.08444116726614
Littlehampton,South East,991898,804446,81.10168585882822
Littlehaven,South East,275016,281142,102.22750676324286
Littleport,East of England,248808,251780,101.19449535384715
Liverpool Central,North West,14605446,14820216,101.47047888849133
Liverpool James Street,North West,3074830,3120046,101.47052032144867
Liverpool Lime Street,North West,14221094,14430214,101.47049165134554
Liverpool South Parkway,North West,2745588,2164108,78.82129438211413
Livingston North,Scotland,1247760,1033616,82.83772520356479
Livingston South,Scotland,295556,370340,125.30281909350511
Llanaber,Wales,2874,3844,133.7508698677801
Llanbedr,Wales,12398,14612,117.85771898693338
Llanbister Road,Wales,930,990,106.4516129032258
Llanbradach,Wales,98808,69198,70.03279086713626
Llandaf,Wales,508550,430768,84.70514207059287
Llandanwg,Wales,4682,6086,129.98718496369074
Llandecwyn,Wales,1700,1226,72.11764705882354
Llandeilo,Wales,19280,15906,82.5
Llandovery,Wales,15750,13702,86.9968253968254
Llandrindod,Wales,40672,30278,74.44433516915814
Llandudno,Wales,311808,456052,146.26051929392446
Llandudno Junction,Wales,321706,397122,123.44252205429802
Llandybie,Wales,9580,8604,89.81210855949897
Llanelli,Wales,397516,392682,98.78394831906138
Llanfairfechan,Wales,15566,37652,241.88616214827186
Llanfairpwll,Wales,21246,38650,181.91659606514168
Llangadog,Wales,5018,4016,80.03188521323237
Llangammarch,Wales,1802,2156,119.64483906770256
Llangennech,Wales,3578,4322,120.79373951928451
Llangynllo,Wales,774,752,97.1576227390181
Llanharan,Wales,167776,125092,74.55893572382224
Llanhilleth,Wales,78566,94018,119.66754066644604
Llanishen,Wales,271540,225800,83.15533623038964
Llanrwst,Wales,13808,27604,199.91309385863266
Llansamlet,Wales,30046,38484,128.0836051387872
Llantwit Major,Wales,301470,265804,88.16930374498291
Llanwrda,Wales,1750,1186,67.77142857142857
Llanwrtyd,Wales,7368,5300,71.93268186753528
Llwyngwril,Wales,31626,38780,122.62062859672423
Llwynypia,Wales,53448,53140,99.42373896123334
Loch Awe,Scotland,5002,6166,123.27069172331066
Loch Eil Outward Bound,Scotland,554,5294,955.5956678700362
Lochailort,Scotland,1546,2438,157.6972833117723
Locheilside,Scotland,396,462,116.66666666666667
Lochgelly,Scotland,62038,57418,92.55295141687353
Lochluichart,Scotland,180,424,235.55555555555557
Lochwinnoch,Scotland,176652,134594,76.19160835993931
Lockerbie,Scotland,272800,210848,77.29032258064517
Lockwood,Yorkshire and the Humber,40006,47656,119.12213168024796
London Blackfriars,London,12139538,15193088,125.15375791072114
London Bridge,London,61308364,54685648,89.19769576627424
London Cannon Street,London,20614904,7507972,36.42011624211299
London Charing Cross,London,30235856,19767784,65.37861537639284
London Euston,London,46146456,40248974,87.22007601190435
London Fenchurch Street,London,18507676,10862630,58.692566262776594
London Fields,London,1353678,1911346,141.19650315658527
London Kings Cross,London,34645924,27727108,80.0299279072482
London Liverpool Street,London,69482532,98015658,141.06517879918366
London Marylebone,London,16146552,11772892,72.91273084185403
London Paddington,London,38181588,69897084,183.0648950483673
London Road (Brighton),South East,463682,391726,84.48160592820079
London Road (Guildford),South East,1021802,868894,85.03545696720109
London St Pancras International,London,35984204,38842772,107.94395229640206
London Victoria,London,74715808,53784358,71.98524574612108
London Waterloo,London,94192690,70389546,74.72930861195279
London Waterloo East,London,10506762,6841002,65.11046885805541
Long Buckby,East Midlands,393560,330332,83.93434292102856
Long Eaton,East Midlands,618954,651792,105.30540234007697
Long Preston,Yorkshire and the Humber,11670,18214,156.07540702656385
Longbeck,North East,47282,58346,123.40002537963709
Longbridge,West Midlands,1053268,891698,84.66012448873411
Longcross,South East,23090,84920,367.77825898657426
Longfield,South East,599020,438942,73.27668525257921
Longniddry,Scotland,178730,205200,114.81004867677503
Longport,West Midlands,55592,79242,142.54209238739386
Longton,West Midlands,74232,81226,109.42181269533356
Looe,South West,117506,119600,101.78203666195769
Lostock,North West,237272,285908,120.49799386358274
Lostock Gralam,North West,52306,60696,116.04022483080334
Lostock Hall,North West,31138,24366,78.25165392767678
Lostwithiel,South West,66624,94184,141.36647454370797
Loughborough,East Midlands,1385334,1421786,102.63127881074168
Loughborough Junction,London,1004774,1233640,122.77785850350426
Low Moor,Yorkshire and the Humber,140690,292378,207.8171867225816
Lowdham,East Midlands,72494,55184,76.12216183408282
Lower Sydenham,London,688806,786602,114.19790187658063
Lowestoft,East of England,438476,468156,106.76889955208495
Ludlow,West Midlands,286854,271100,94.50800755785173
Luton,East of England,3801538,3665966,96.43375917852197
Luton Airport Parkway,East of England,4148530,4740742,114.27522520025167
Luxulyan,South West,1770,3196,180.56497175141243
Lydney,South West,198752,194028,97.62316857188858
Lye (West Midlands),West Midlands,104232,81124,77.83022488295342
Lymington Pier,South East,137118,100770,73.49144532446505
Lymington Town,South East,272342,242040,88.87354869979657
Lympstone Commando,South West,64294,86996,135.30967119793448
Lympstone Village,South West,101022,92994,92.05321613113975
Lytham,North West,79852,128104,160.42678956068727
Macclesfield,North West,1708660,1486408,86.99261409525593
Machynlleth,Wales,130598,128212,98.17301949493866
Maesteg,Wales,183480,156162,85.11118378024854
Maesteg (Ewenny Road),Wales,5412,17476,322.91204730229117
Maghull,North West,1639668,1299672,79.2643388783583
Maghull North,North West,339066,613510,180.94117369479687
Maiden Newton,South West,19536,21882,112.00859950859952
Maidenhead,South East,4717360,4850106,102.81398918038902
Maidstone Barracks,South East,295976,274994,92.9109116955429
Maidstone East,South East,1485492,1727430,116.28672520619432
Maidstone West,South East,922192,561432,60.880163783680615
Malden Manor,London,472582,484006,102.41735825740295
Mallaig,Scotland,97530,90476,92.76735363477904
Malton,Yorkshire and the Humber,363136,375622,103.43838121254846
Malvern Link,West Midlands,355256,320672,90.26504830319544
Manchester Airport,North West,5707542,5518084,96.68056757181989
Manchester Oxford Road,North West,9301496,6392614,68.72672954974125
Manchester Piccadilly,North West,30132552,27401610,90.93690438167998
Manchester Victoria,North West,8914376,8378502,93.98865383286503
Manea,East of England,18950,29708,156.77044854881265
Manningtree,East of England,1106204,1043404,94.32292777823982
Manor Park,London,1700818,4426692,260.26841202292076
Manor Road,North West,332086,293490,88.37770938853188
Manorbier,Wales,9122,9896,108.48498136373604
Manors,North East,12980,63914,492.4036979969183
Mansfield,East Midlands,401826,323412,80.4855833121799
Mansfield Woodhouse,East Midlands,189524,122546,64.65988476393491
March,East of England,407914,373732,91.62029251263746
Marden (Kent),South East,563324,485824,86.24237561332377
Margate,South East,1113676,1287330,115.59286542944267
Market Harborough,East Midlands,907770,943468,103.93249391365656
Market Rasen,East Midlands,69840,65162,93.30183276059564
Markinch,Scotland,316612,235210,74.28966684775055
Marks Tey,East of England,604902,474352,78.4179916746845
Marlow,South East,299652,361450,120.62325631065369
Marple,North West,511900,325750,63.63547567884352
Marsden (Yorks),Yorkshire and the Humber,157350,220584,140.18684461391803
Marske,North East,64460,62908,97.5923053056159
Marston Green,West Midlands,876234,589260,67.24915947110019
Martin Mill,South East,63248,68058,107.6049835567923
Martins Heron,South East,554178,432940,78.1229135765043
Marton,North East,14774,32222,218.0993637471233
Maryhill,Scotland,88678,85594,96.52224903583753
Maryland,London,1254204,4055440,323.34771695832575
Maryport,North West,91890,117158,127.498095549026
Matlock,East Midlands,201360,227012,112.73937226857369
Matlock Bath,East Midlands,62082,83590,134.644502432267
Mauldeth Road,North West,349738,318064,90.94350628184526
Maxwell Park,Scotland,157788,116450,73.80155651887343
Maybole,Scotland,80894,35058,43.33819566346083
Maze Hill,London,1227510,1397904,113.88127184299923
Meadowhall,Yorkshire and the Humber,1797644,1910838,106.29679736366045
Meldreth,East of England,295470,245846,83.20506311977528
Melksham,South West,74534,60930,81.74792712050876
Melton (Suffolk),East of England,84358,89082,105.59994309964675
Melton Mowbray,East Midlands,283056,257134,90.84209485048895
Menheniot,South West,3696,6232,168.6147186147186
Menston,Yorkshire and the Humber,642610,658260,102.43538071302967
Meols,North West,416854,414164,99.35469013131696
Meols Cop,North West,83306,78640,94.39896285981803
Meopham,South East,337940,258728,76.56033615434693
Merryton,Scotland,121356,74472,61.36655789577771
Merstham,South East,765084,744448,97.30277982548321
Merthyr Tydfil,Wales,500424,412970,82.5240196313526
Merthyr Vale,Wales,45220,59920,132.5077399380805
Metheringham,East Midlands,101878,81930,80.41971770156462
MetroCentre,North East,301738,632322,209.5599493600408
Mexborough,Yorkshire and the Humber,192350,170228,88.49909020015596
Micheldever,South East,164584,131552,79.93000534681379
Micklefield,Yorkshire and the Humber,165600,220364,133.07004830917876
Middlesbrough,North East,1289866,1543226,119.64235044570522
Middlewood,North West,32386,21278,65.70122892607917
Midgham,South East,30556,44038,144.12226731247546
Milford (Surrey),South East,294666,193900,65.80331629709569
Milford Haven,Wales,58596,55930,95.45020137893371
Mill Hill (Lancs),North West,56492,60484,107.06648729023578
Mill Hill Broadway,London,1955372,1874860,95.88252260950857
Millbrook (Bedfordshire),East of England,12504,9282,74.23224568138195
Millbrook (Hants),South East,39474,36446,92.32912803364239
Milliken Park,Scotland,238390,196074,82.24925542178782
Millom,North West,196364,186654,95.05510174981157
Mills Hill (Manchester),North West,328616,303860,92.46658714122258
Milngavie,Scotland,944960,762998,80.74394683372842
Milton Keynes Central,South East,7038736,6099600,86.65760443352329
Minffordd,Wales,16774,18174,108.34625014904017
Minster,South East,78422,91432,116.58973247303052
Mirfield,Yorkshire and the Humber,451632,364112,80.62139086690048
Mistley,East of England,75366,63776,84.62171270864846
Mitcham Eastfields,London,1372606,1318094,96.02857629938963
Mitcham Junction,London,481368,408018,84.76217779328913
Mobberley,North West,17124,22512,131.4646110721794
Monifieth,Scotland,9224,43194,468.2784041630529
Monks Risborough,South East,22144,20538,92.7474710982659
Montpelier,South West,94684,252028,266.1780237421317
Montrose,Scotland,337860,317406,93.9460131415379
Moorfields,North West,6534016,6630098,101.47048920602582
Moorgate,London,11508936,8791382,76.38744363510233
Moorside,North West,31590,42856,135.66318455207346
Moorthorpe,Yorkshire and the Humber,231780,207902,89.6979894727759
Morar,Scotland,4372,4290,98.12442817932296
Morchard Road,South West,12378,21854,176.55517854257553
Morden South,London,67528,75948,112.46890178888758
Morecambe,North West,195956,174950,89.28024658596829
Moreton (Dorset),South West,57508,78828,137.0731028726438
Moreton (Merseyside),North West,546748,552768,101.10105569659149
Moreton-In-Marsh,South West,273018,375804,137.648067160407
Morfa Mawddach,Wales,11920,13508,113.32214765100672
Morley,Yorkshire and the Humber,364374,274298,75.27924604938882
Morpeth,North East,474998,622614,131.0771834828778
Mortimer,South East,189316,157958,83.43615964841852
Mortlake,London,1803324,1546638,85.76595220825543
Moses Gate,North West,24308,36928,151.91706434095772
Moss Side,North West,2800,4778,170.64285714285714
Mossley (Manchester),North West,336906,260288,77.25834505767187
Mossley Hill,North West,125558,199224,158.67089313305405
Mosspark,Scotland,162332,129970,80.064312643225
Moston,North West,70464,105960,150.37465940054494
Motherwell,Scotland,1386976,1049030,75.63432964953972
Motspur Park,London,1112130,822372,73.94567181894203
Mottingham,London,1372690,1374680,100.1449708237111
Mottisfont and Dunbridge,South East,33522,28832,86.00918799594297
Mouldsworth,North West,29564,25904,87.6200784738195
Moulsecoomb,South East,427034,444586,104.11021136490304
Mount Florida,Scotland,1331180,1184706,88.99667963761475
Mount Vernon,Scotland,57968,63544,109.61910019321004
Mountain Ash,Wales,92602,130748,141.1934947409343
Muir Of Ord,Scotland,67554,46002,68.09663380406785
Muirend,Scotland,428972,336620,78.47132213757541
Musselburgh,Scotland,455356,461092,101.2596737497694
Mytholmroyd,Yorkshire and the Humber,197640,195820,99.07913377858732
Nafferton,Yorkshire and the Humber,34048,40808,119.85432330827068
Nailsea and Backwell,South West,497878,476312,95.66841676073254
Nairn,Scotland,117780,137890,117.07420614705384
Nantwich,North West,235450,223396,94.88044170736887
Narberth,Wales,18992,22492,118.42881213142375
Narborough,East Midlands,399002,293674,73.60213733264494
Navigation Road,North West,100396,96498,96.11737519423085
Neath,Wales,826534,838778,101.48136676773127
Needham Market,East of England,102320,129588,126.64972634870992
Neilston,Scotland,414032,375994,90.81278741739769
Nelson,North West,97446,113780,116.76210413972868
Neston,North West,43810,41204,94.05158639580004
Netherfield,East Midlands,9150,10000,109.28961748633881
Nethertown,North West,516,1334,258.52713178294573
Netley,South East,91130,82450,90.47514539668605
New Barnet,London,1361704,1272760,93.46818398124702
New Beckenham,London,757444,721184,95.21284741842301
New Brighton,North West,1242032,1192234,95.99060249655403
New Clee,Yorkshire and the Humber,1720,3550,206.39534883720933
New Cross,London,4783728,3180844,66.4929945849764
New Cross Gate,London,6171876,4550170,73.72426147252472
New Cumnock,Scotland,28280,23022,81.4073550212164
New Eltham,London,2533952,2038220,80.4364092137499
New Holland,Yorkshire and the Humber,14488,10354,71.46604086140253
New Hythe,South East,178960,184448,103.06660706303083
New Lane,North West,2248,2140,95.19572953736655
New Malden,London,3157968,3077144,97.44063271065446
New Mills Central,East Midlands,213872,162396,75.93139821949578
New Mills Newtown,East Midlands,232154,212402,91.491854544828
New Milton,South East,627946,555078,88.39581747475101
New Pudsey,Yorkshire and the Humber,822632,789024,95.91457662721605
New Southgate,London,837094,920392,109.95085378702989
Newark Castle,East Midlands,802590,618574,77.07222865971417
Newark Northgate,East Midlands,960922,1078800,112.26717673234666
Newbridge,Wales,130206,152740,117.3064221310846
Newbury,South East,1665096,1538658,92.40656394586259
Newbury Racecourse,South East,87766,114628,130.60638516054053
Newcastle,North East,8913554,10548216,118.33905981833959
Newcourt,South West,129380,154772,119.62590817746175
Newcraighall,Scotland,286402,233352,81.47708465723005
Newhaven Harbour,South East,53266,27934,52.44245860398753
Newhaven Town,South East,307638,430560,139.95670235796618
Newington,South East,137312,140788,102.53146119785599
Newmarket,East of England,355068,374156,105.3758716640193
Newport (Essex),East of England,188094,206012,109.52608801981987
Newport (South Wales),Wales,2745064,2817472,102.63775270813358
Newquay,South West,103172,125534,121.67448532547591
Newstead,East Midlands,40288,32816,81.45353455123113
Newton (Lanark),Scotland,678490,609912,89.89255552771596
Newton Abbot,South West,1234672,1334872,108.1155156997162
Newton Aycliffe,North East,78962,78114,98.92606570248981
Newton For Hyde,North West,219478,139956,63.76766691878002
Newton St Cyres,South West,3000,7648,254.93333333333334
Newtongrange,Scotland,154202,149962,97.25035991751079
Newton-Le-Willows,North West,794928,1106560,139.2025441297828
Newtonmore,Scotland,7848,8454,107.72171253822631
Newton-On-Ayr,Scotland,88648,80008,90.25358722136991
Newtown (Powys),Wales,175336,171366,97.73577588173565
Ninian Park,Wales,128164,156046,121.7549389844262
Nitshill,Scotland,142040,131358,92.4795832159955
Norbiton,London,2470256,2269820,91.88602314901775
Norbury,London,3496376,2348766,67.17715714785824
Normans Bay,South East,13512,22490,166.4446417998816
Normanton,Yorkshire and the Humber,220376,202022,91.67150687915199
North Berwick,Scotland,603788,566242,93.78159221448587
North Camp,South East,379940,251252,66.12938885087118
North Dulwich,London,814444,730666,89.71347324064024
North Fambridge,East of England,83038,69574,83.78573665069004
North Llanrwst,Wales,2572,4392,170.76205287713842
North Queensferry,Scotland,163214,121520,74.45439729434975
North Road (Darlington),North East,39968,51248,128.22257806244997
North Sheen,London,479128,342020,71.38384732263611
North Walsham,East of England,265400,227692,85.79201205727203
North Wembley,London,903932,1231422,136.2294951390149
Northallerton,Yorkshire and the Humber,717638,797766,111.16551799096482
Northampton,East Midlands,3331206,2847378,85.47589071345332
Northfield,West Midlands,989478,643106,64.99447183262286
Northfleet,South East,131204,257642,196.36748879607327
Northolt Park,London,252108,176218,69.89782156853413
Northumberland Park,London,393574,1052358,267.3850406785001
Northwich,North West,207950,188520,90.65640779033421
Norwich,East of England,4250834,4556674,107.19482341582851
Norwood Junction,London,4576492,4627090,101.1056066524316
Nottingham,East Midlands,8004938,8112724,101.34649387665465
Nuneaton,West Midlands,1364294,1353578,99.21453880175387
Nunhead,London,1177414,997310,84.70342632243204
Nunthorpe,North East,36346,59464,163.60534859406812
Nutbourne,South East,85420,66914,78.33528447670335
Nutfield,South East,86034,54730,63.61438501057721
Oakengates,West Midlands,73438,71964,97.99286472943163
Oakham,East Midlands,239038,226030,94.55818740116634
Oakleigh Park,London,967144,924194,95.55908944273035
Oban,Scotland,177522,201750,113.64788589583263
Ockendon,East of England,1160354,1027566,88.55625093721399
Ockley,South East,36388,34176,93.92107288116962
Okehampton,South West,5320,347920,6539.849624060151
Old Hill,West Midlands,213904,153512,71.76677387987135
Old Roan,North West,1006706,963306,95.68891016841063
Old Street,London,7119730,6077166,85.35669189702418
Oldfield Park,South West,322654,385994,119.63093592517062
Olton,West Midlands,555852,462908,83.27900232435972
Ore,South East,240652,272106,113.07032561541146
Ormskirk,North West,2255722,2297090,101.83391393088333
Orpington,London,5348218,4989622,93.29503771162656
Orrell,North West,92888,97674,105.15244165015933
Orrell Park,North West,1124446,976174,86.81377318252721
Otford,South East,429028,445500,103.83937645095425
Oulton Broad North,East of England,112600,137218,121.86323268206039
Oulton Broad South,East of England,47696,60488,126.81985910768199
Outwood,Yorkshire and the Humber,369158,310366,84.07402792300316
Overpool,North West,157032,224060,142.6842936471547
Overton,South East,209620,174202,83.10371147791241
Oxenholme Lake District,North West,635128,675144,106.30046226902294
Oxford,South East,8270486,8145214,98.48531271318276
Oxford Parkway,South East,1082834,654542,60.44712301239156
Oxshott,South East,494946,449494,90.81677597152013
Oxted,South East,1642390,1336338,81.36544913205755
Paddock Wood,South East,1214166,1090192,89.7893698225778
Padgate,North West,142856,118198,82.73926191409531
Paignton,South West,676342,707018,104.53557519716357
Paisley Canal,Scotland,474918,299938,63.155744781204334
Paisley Gilmour Street,Scotland,4027962,3241120,80.46550588113791
Paisley St James,Scotland,73330,96238,131.23960180008183
Palmers Green,London,1926572,1557022,80.81826165853133
Pangbourne,South East,488122,373542,76.52636021322539
Pannal,Yorkshire and the Humber,162986,191634,117.5769698010872
Pantyffynnon,Wales,3632,4910,135.18722466960352
Par,South West,194644,222704,114.41606214422227
Parbold,North West,125578,98762,78.64594116803899
Park Street,East of England,22074,22170,100.43490078825768
Parkstone (Dorset),South West,234380,229410,97.87951190374605
Parson Street,South West,149700,204214,136.41549766199066
Partick,Scotland,2944084,3091680,105.01330804419982
Parton,North West,6508,12556,192.9317762753534
Patchway,South West,104078,94176,90.48598166759547
Patricroft,North West,106996,147502,137.85748999962615
Patterton,Scotland,520672,488400,93.80185606293405
Peartree,East Midlands,3032,5256,173.3509234828496
Peckham Rye,London,7295370,6136674,84.11737855653655
Pegswood,North East,2364,1468,62.098138747884946
Pemberton,North West,72028,48658,67.55428444493809
Pembrey and Burry Port,Wales,134898,130610,96.82130202078608
Pembroke,Wales,32616,35106,107.63428991905812
Pembroke Dock,Wales,47918,46394,96.81956675988145
Penally,Wales,5102,8964,175.69580556644453
Penarth,Wales,655474,507526,77.42885301323928
Pencoed,Wales,235506,232302,98.63952510764057
Pengam,Wales,473760,214248,45.22289766970618
Penge East,London,1736186,1235544,71.16426465827969
Penge West,London,683594,634966,92.88642088725179
Penhelig,Wales,8852,8192,92.54405784003616
Penistone,Yorkshire and the Humber,159854,162898,101.90423761682534
Penkridge,West Midlands,276112,292594,105.96931679898012
Penmaenmawr,Wales,12556,19668,156.64224275246895
Penmere,South West,191414,208582,108.96904092699593
Penrhiwceiber,Wales,42556,46492,109.2489895666886
Penrhyndeudraeth,Wales,57100,61622,107.91943957968478
Penrith (North Lakes),North West,592462,715822,120.82158855757838
Penryn (Cornwall),South West,240156,284974,118.66203634304368
Pensarn (Gwynedd),Wales,2652,1636,61.68929110105581
Penshurst,South East,41408,46678,112.72700927357033
Pentre-Bach,Wales,25206,30388,120.55859715940649
Pen-Y-Bont (Mid Wales),Wales,1854,1264,68.17691477885653
Penychain,Wales,3554,8892,250.1969611705121
Penyffordd,Wales,22296,28554,128.06781485468247
Penzance,South West,570098,685470,120.23722237229389
Perranwell,South West,31920,41538,130.1315789473684
Perry Barr,West Midlands,694446,184662,26.591268435558707
Pershore,West Midlands,94844,115878,122.17747037240099
Perth,Scotland,1112068,853236,76.72516428851473
Peterborough,East of England,5059576,5299726,104.74644515666927
Petersfield,South East,1462062,1221202,83.52600642106832
Petts Wood,London,2338536,1707602,73.0201288327398
Pevensey and Westham,South East,163808,165740,101.17942957608908
Pevensey Bay,South East,9270,5848,63.08522114347357
Pewsey,South West,221712,209098,94.31063722306415
Pilning,South West,458,294,64.19213973799127
Pinhoe,South West,117096,231830,197.98285167725626
Pitlochry,Scotland,125006,131400,105.11495448218486
Pitsea,East of England,1316326,1143894,86.90050944826737
Pleasington,North West,6974,9764,140.0057355893318
Plockton,Scotland,11482,10396,90.5417174708239
Pluckley,South East,120346,114656,95.27196583185149
Plumley,North West,22906,18548,80.97441718327076
Plumpton,South East,113150,104762,92.5868316394167
Plumstead,London,1595678,923038,57.84613186369681
Plymouth,South West,2416376,2672762,110.61035203130638
Pokesdown,South West,345354,377104,109.1934652559403
Polegate,South East,972908,1079980,111.00535713551538
Polesworth,West Midlands,186,154,82.79569892473118
Pollokshaws East,Scotland,448734,362074,80.68789082173403
Pollokshaws West,Scotland,173868,304684,175.23868681988634
Pollokshields East,Scotland,453444,337600,74.45241308739338
Pollokshields West,Scotland,208188,146994,70.60637500720503
Polmont,Scotland,793658,696294,87.73224739119368
Polsloe Bridge,South West,120678,188694,156.36155720180977
Ponders End,London,599292,884028,147.51206423579822
Pontarddulais,Wales,5412,6412,118.47745750184775
Pontefract Baghill,Yorkshire and the Humber,7376,18130,245.79718004338395
Pontefract Monkhill,Yorkshire and the Humber,272448,228628,83.91619685224336
Pontefract Tanshelf,Yorkshire and the Humber,38830,98558,253.81921194952355
Pontlottyn,Wales,17776,31640,177.992799279928
Pontyclun,Wales,299392,277812,92.79205857203934
Pont-y-Pant,Wales,896,994,110.9375
Pontypool and New Inn,Wales,82016,127216,155.11119781506048
Pontypridd,Wales,884132,779980,88.21985857315423
Poole,South West,1108066,965090,87.09679748318241
Poppleton,Yorkshire and the Humber,70018,120380,171.92721871518754
Port Glasgow,Scotland,540592,390992,72.32663450439519
Port Sunlight,North West,742410,678432,91.38238978462036
Port Talbot Parkway,Wales,536140,612070,114.16234565598538
Portchester,South East,347572,366574,105.46706869368074
Porth,Wales,344100,224524,65.2496367335077
Porthmadog,Wales,73056,100700,137.8394656154183
Portlethen,Scotland,46722,68214,145.99974316167973
Portslade,South East,1146658,1034778,90.2429495106649
Portsmouth and Southsea,South East,2053186,1585586,77.22563859289903
Portsmouth Arms,South West,466,596,127.89699570815452
Portsmouth Harbour,South East,2100528,2091304,99.56087231400866
Possilpark and Parkhouse,Scotland,91970,87906,95.58116777209959
Potters Bar,East of England,2043070,2486164,121.68765632112459
Poulton-Le-Fylde,North West,433190,630046,145.44333895057596
Poynton,North West,232750,209572,90.04167561761547
Prees,West Midlands,6276,9328,148.62970044614403
Prescot,North West,281904,292684,103.82399682161304
Prestatyn,Wales,332674,368882,110.88392841039575
Prestbury,North West,61890,64196,103.72596542252384
Preston (Lancs),North West,4646028,5356076,115.28290402038041
Preston Park,South East,545214,1126092,206.5412847065556
Prestonpans,Scotland,256678,257514,100.32569990416007
Prestwick International Airport,Scotland,104880,85954,81.95461479786422
Prestwick Town,Scotland,409414,340592,83.19012051370984
Priesthill and Darnley,Scotland,164542,167280,101.6640128356286
Princes Risborough,South East,609656,513436,84.2173291167478
Prittlewell,East of England,220626,362280,164.2054880204509
Prudhoe,North East,140394,184264,131.2477741214012
Pulborough,South East,378736,320322,84.5765916099869
Purfleet,East of England,686726,572914,83.42686894045077
Purley,London,3004052,2777102,92.44520401111565
Purley Oaks,London,633504,480890,75.90954437541042
Putney,London,8614126,5645484,65.53751361426569
Pwllheli,Wales,76236,98420,129.09911327981533
Pye Corner,Wales,106156,124914,117.67022118391802
Pyle,Wales,124842,104258,83.51195911632303
Quakers Yard,Wales,65798,53228,80.89607586856744
Queenborough,South East,185690,196028,105.56734342183209
Queens Park (Glasgow),Scotland,766664,728778,95.05833063767179
Queens Park (London),London,2855930,4882030,170.94361556480726
Queens Road (Peckham),London,3311738,2914668,88.01022303092817
Queenstown Road (Battersea),London,1660516,806010,48.53973102336864
Quintrell Downs,South West,2684,3514,130.92399403874813
Radcliffe (Nottinghamshire),East Midlands,9674,13844,143.1052305147819
Radlett,East of England,1230892,1270406,103.21019228331974
Radley,South East,129982,131590,101.23709436691234
Radyr,Wales,585782,450356,76.88116056826601
Rainford,North West,34690,26220,75.58374171230902
Rainham (Essex),London,1748804,1525196,87.2136614509116
Rainham (Kent),South East,1934710,1702048,87.97432173297291
Rainhill,North West,224348,186148,82.972881416371
Ramsgate,South East,1379576,1375656,99.7158547263797
Ramsgreave and Wilpshire,North West,94584,91780,97.03543939778399
Rannoch,Scotland,8834,7802,88.31786280280734
Rauceby,East Midlands,10256,5004,48.79095163806552
Ravenglass for Eskdale,North West,33456,38812,116.00908656145386
Ravensbourne,London,217450,235210,108.16739480340307
Ravensthorpe,Yorkshire and the Humber,35342,31442,88.96497085620508
Rawcliffe,Yorkshire and the Humber,522,412,78.9272030651341
Rayleigh,East of England,1832722,1552860,84.72970805173944
Raynes Park,London,4236152,3497682,82.56743384090089
Reading,South East,17080738,14324664,83.86443255554883
Reading West,South East,447416,481548,107.6286945482504
Rectory Road,London,929164,1325536,142.65899238455214
Redbridge,South East,43996,33394,75.90235475952359
Redcar Central,North East,324050,411366,126.94522450239161
Redcar East,North East,106250,106420,100.16000000000001
Reddish North,North West,226612,163300,72.0614971846151
Reddish South,North West,60,102,170
Redditch,West Midlands,1059610,910428,85.92104642274045
Redhill,South East,3787090,3175326,83.84606650488898
Redland,South West,88338,230370,260.7824492290973
Redruth,South West,327532,415576,126.88103757800764
Reedham (London),London,237034,105708,44.596133887965436
Reedham (Norfolk),East of England,45618,41566,91.11754132140821
Reigate,South East,1436558,1168558,81.34429657556464
Renton,Scotland,102938,67362,65.43939070119879
Retford,East Midlands,519976,602590,115.88804098650706
Rhiwbina,Wales,106458,81840,76.8753874767514
Rhoose Cardiff International Airport,Wales,184498,172314,93.39613437544038
Rhosneigr,Wales,10844,14042,129.49096274437477
Rhyl,Wales,517484,611984,118.26143416994535
Rhymney,Wales,182222,122510,67.23117955021897
Ribblehead,Yorkshire and the Humber,19260,33682,174.88058151609553
Rice Lane,North West,580620,422834,72.82456684234094
Richmond (London),London,11666916,9515642,81.56090264128069
Rickmansworth,East of England,1205320,998182,82.8146882155776
Riddlesdown,London,383248,287038,74.89615079530748
Ridgmont,East of England,31532,17682,56.07636686540657
Riding Mill,North East,26688,33170,124.2880695443645
Risca and Pontymister,Wales,92144,95416,103.55096370897725
Rishton,North West,40458,41332,102.16026496613773
Robertsbridge,South East,320640,274328,85.5563872255489
Roby,North West,182748,201256,110.12760741567622
Rochdale,North West,1487760,1629872,109.55207829219766
Roche,South West,5090,5230,102.75049115913558
Rochester,South East,2056936,2059228,100.11142787135819
Rochford,East of England,615582,671248,109.04282451403714
Rock Ferry,North West,695340,686206,98.68639802111197
Rogart,Scotland,1574,1084,68.86912325285896
Rogerstone,Wales,81522,87268,107.0484041117735
Rolleston,East Midlands,6608,4602,69.64285714285714
Roman Bridge,Wales,1094,612,55.94149908592322
Romford,London,9180976,12143302,132.265915954905
Romiley,North West,382384,287016,75.05962592577096
Romsey,South East,520856,456802,87.70216720168338
Roose,North West,53920,79286,147.04376854599406
Rose Grove,North West,61064,73300,120.03799292545526
Rose Hill Marple,North West,210904,119744,56.77654288206957
Rosyth,Scotland,293968,198140,67.40189408370979
Rotherham Central,Yorkshire and the Humber,567040,463418,81.72580417607223
Rotherhithe,London,1899734,1739436,91.56208184935365
Roughton Road,East of England,21766,21340,98.04281907562253
Rowlands Castle,South East,130970,132580,101.22928915018707
Rowley Regis,West Midlands,1215066,1014812,83.51908456001567
Roy Bridge,Scotland,3742,3332,89.04329235702832
Roydon,East of England,132830,133388,100.42008582398554
Royston,East of England,1467154,1415838,96.50234399388204
Ruabon,Wales,98536,117454,119.19907444994722
Rufford,North West,15608,24438,156.57355202460278
Rugby,West Midlands,2695802,2392296,88.7415322045165
Rugeley Town,West Midlands,114660,185286,161.59602302459447
Rugeley Trent Valley,West Midlands,183008,201346,110.02032698024131
Runcorn,North West,687100,731962,106.52918061417552
Runcorn East,North West,182004,195576,107.45697896749522
Ruskington,East Midlands,82020,70984,86.54474518410143
Ruswarp,Yorkshire and the Humber,2404,4112,171.04825291181365
Rutherglen,Scotland,1027812,871338,84.77600962043643
Ryde Esplanade,South East,247152,130196,52.67851362724154
Ryde Pier Head,South East,204154,129184,63.27772171987813
Ryde St Johns Road,South East,132174,53256,40.29234191293295
Ryder Brow,North West,31368,28052,89.42871716398878
Rye (Sussex),South East,480322,480232,99.98126256969283
Rye House,East of England,502976,436060,86.6959854943377
Salford Central,North West,772844,814746,105.42179275507088
Salford Crescent,North West,1288058,1306766,101.45241906808545
Salfords (Surrey),South East,151810,158338,104.30011198208287
Salhouse,East of England,11778,14372,122.02411275258957
Salisbury,South West,1979880,2004688,101.25300523264036
Saltaire,Yorkshire and the Humber,899974,748546,83.1741805874392
Saltash,South West,83574,162224,194.1082154737119
Saltburn,North East,240932,356108,147.80435973635716
Saltcoats,Scotland,334644,275344,82.27967631273832
Saltmarshe,Yorkshire and the Humber,1986,1566,78.85196374622356
Salwick,North West,1404,1624,115.66951566951566
Sandal and Agbrigg,Yorkshire and the Humber,260222,202168,77.69058726779441
Sandbach,North West,276870,294738,106.45357026763462
Sanderstead,London,1123184,844182,75.15972449749997
Sandhills,North West,1088132,1049448,96.44491660938195
Sandhurst (Berks),South East,150804,142410,94.43383464629585
Sandling,South East,94630,75282,79.55405262601712
Sandown,South East,150748,81918,54.34101944967761
Sandplace,South West,1274,966,75.82417582417582
Sandwell and Dudley,West Midlands,1070576,1005688,93.93896369804666
Sandwich,South East,355290,320174,90.11624306904218
Sandy,East of England,497992,679484,136.44476216485407
Sankey For Penketh,North West,142024,1204,0.8477440432602941
Sanquhar,Scotland,28050,26594,94.80926916221034
Sarn,Wales,59648,56976,95.52038626609442
Saundersfoot,Wales,8346,11452,137.21543254253535
Saunderton,South East,53096,69922,131.68976947416
Sawbridgeworth,East of England,556586,471296,84.6762225424283
Saxilby,East Midlands,75172,93894,124.905549938807
Saxmundham,East of England,164400,176536,107.38199513381994
Scarborough,Yorkshire and the Humber,958026,1001114,104.4975814852624
Scotscalder,Scotland,238,226,94.9579831932773
Scotstounhill,Scotland,459274,430906,93.82329502649834
Scunthorpe,Yorkshire and the Humber,417880,379072,90.71312338470375
Sea Mills,South West,52630,81946,155.70207106213186
Seaford (Sussex),South East,676442,707298,104.56151451270028
Seaforth and Litherland,North West,871670,852056,97.74983652070163
Seaham,North East,137652,164994,119.86313311829832
Seamer,Yorkshire and the Humber,144668,164494,113.70448198634114
Seascale,North West,36618,48928,133.6173466601125
Seaton Carew,North East,65478,98362,150.22144842542534
Seer Green and Jordans,South East,153314,107334,70.00926203738732
Selby,Yorkshire and the Humber,656086,695840,106.05926662053452
Selhurst,London,1532940,1217928,79.45046772867823
Sellafield,North West,242066,187002,77.25248485950112
Selling,South East,80248,99572,124.08035091217226
Selly Oak,West Midlands,3296068,2308762,70.04594565403383
Settle,Yorkshire and the Humber,139442,147464,105.75292953342608
Seven Kings,London,3167632,4084206,128.93562130954606
Seven Sisters,London,8394772,8394182,99.99297181626851
Sevenoaks,South East,4376024,3741030,85.4892477737782
Severn Beach,South West,251994,131212,52.0694937181044
Severn Tunnel Junction,Wales,229362,212668,92.72154934121608
Shadwell,London,5087054,3917292,77.00511926942391
Shalford (Surrey),South East,122662,95490,77.84807030702255
Shanklin,South East,260016,146234,56.24038520706418
Shawfair,Scotland,41138,72472,176.16801983567504
Shawford,South East,204424,140042,68.50565491331741
Shawlands,Scotland,184028,132560,72.03251679092311
Sheerness-On-Sea,South East,440216,439094,99.74512512039544
Sheffield,Yorkshire and the Humber,9907724,10315220,104.11291230962834
Shelford (Cambs),East of England,207478,221546,106.78047793019019
Shenfield,East of England,4149488,5814886,140.1350238872844
Shenstone,West Midlands,174508,149888,85.89176427441721
Shepherd's Bush,London,7955106,6931918,87.1379715116304
Shepherds Well,South East,52266,70278,134.46217426242683
Shepley,Yorkshire and the Humber,71536,62316,87.11138447774547
Shepperton,South East,392426,346958,88.41361173826402
Shepreth,East of England,115600,109514,94.73529411764706
Sherborne,South West,210170,207354,98.66013227387353
Sherburn-In-Elmet,Yorkshire and the Humber,59632,122098,204.75248188891868
Sheringham,East of England,225894,267898,118.59456205122756
Shettleston,Scotland,672046,651582,96.95497034429191
Shieldmuir,Scotland,109556,121668,111.05553324327285
Shifnal,West Midlands,187162,236680,126.45729368140968
Shildon,North East,67568,60288,89.22566895571869
Shiplake,South East,90468,128782,142.35088650130433
Shipley (Yorks),Yorkshire and the Humber,1704388,1195542,70.14494352224962
Shippea Hill,East of England,432,76,17.59259259259259
Shipton,South East,4524,3904,86.29531388152077
Shirebrook,East Midlands,88488,75060,84.82506102522376
Shirehampton,South West,47234,63976,135.44480670703308
Shireoaks,East Midlands,35166,54282,154.359324347381
Shirley,West Midlands,406290,314972,77.52393610475276
Shoeburyness,East of England,751332,540912,71.99373911932409
Sholing,South East,109134,90740,83.14549086444187
Shoreditch High Street,London,9374284,7294534,77.8143056045667
Shoreham (Kent),South East,60986,82766,135.7131144852917
Shoreham-By-Sea,South East,1316990,1302590,98.90659762033121
Shortlands,London,1573432,1128652,71.73185749368261
Shotton,Wales,213414,276948,129.7703056031938
Shotts,Scotland,172186,173044,100.49829835178237
Shrewsbury,West Midlands,2226302,2321270,104.26572854895697
Sidcup,London,3172138,2614930,82.43430771296835
Sileby,East Midlands,127642,153360,120.14854044906849
Silecroft,North West,7858,7644,97.2766607279206
Silkstone Common,Yorkshire and the Humber,36926,34104,92.35768834967232
Silver Street,London,1773414,2136452,120.47113646334134
Silverdale,North West,47978,48316,100.70448955771396
Singer,Scotland,575008,358320,62.315654738716674
Sittingbourne,South East,2295150,2326816,101.37969195913121
Skegness,East Midlands,350864,397520,113.2974599844954
Skewen,Wales,40466,43980,108.6838333415707
Skipton,Yorkshire and the Humber,1217432,1286418,105.6665177192648
Slade Green,London,958102,1103814,115.20840161068446
Slaithwaite,Yorkshire and the Humber,208096,235294,113.06992926341688
Slateford,Scotland,31276,71928,229.97825808926976
Sleaford,East Midlands,310906,295790,95.13808032009675
Sleights,Yorkshire and the Humber,4182,6848,163.74940219990435
Slough,South East,5640278,5503680,97.57816901932847
Small Heath,West Midlands,176792,224446,126.9548395855016
Smallbrook Junction,South East,12920,8978,69.48916408668731
Smethwick Galton Bridge,West Midlands,806784,697590,86.46552237029985
Smethwick Rolfe Street,West Midlands,625052,403964,64.6288628786085
Smithy Bridge,North West,197834,191406,96.75081128622986
Snaith,Yorkshire and the Humber,1232,1254,101.78571428571428
Snodland,South East,357372,275854,77.18959515574807
Snowdown,South East,8592,11674,135.8705772811918
Sole Street,South East,64698,55630,85.98411079167826
Solihull,West Midlands,2039998,1898584,93.06793438032783
Somerleyton,East of England,12972,11958,92.1831637372803
South Acton,London,875784,747478,85.3495839156687
South Bank,North East,23282,29630,127.26569882312515
South Bermondsey,London,781448,632694,80.96431240466416
South Croydon,London,1168752,1088648,93.14619354662067
South Elmsall,Yorkshire and the Humber,305472,288510,94.44728158390949
South Greenford,London,28084,52212,185.91368750890186
South Gyle,Scotland,381972,220542,57.73773993905312
South Hampstead,London,425732,477560,112.17385585297792
South Kenton,London,545400,643152,117.92299229922993
South Merton,London,114538,125436,109.51474619776842
South Milford,Yorkshire and the Humber,173438,135578,78.17087374162524
South Ruislip,London,230002,165020,71.74720219824175
South Tottenham,London,1168598,1357436,116.15936361349242
South Wigston,East Midlands,85394,133846,156.73934936880812
South Woodham Ferrers,East of England,513228,318044,61.969339163101
Southall,London,3121946,7669160,245.6531919514303
Southampton Airport Parkway,South East,1700314,1444254,84.94042865023755
Southampton Central,South East,6664714,6172960,92.62152884579893
Southbourne,South East,204058,229080,112.26219996275569
Southbury,London,996710,1038924,104.23533424968146
Southease,South East,22008,27332,124.19120319883679
Southend Airport,East of England,611256,231806,37.92289973431754
Southend Central,East of England,3446092,2242080,65.06152476486409
Southend East,East of England,1955250,1272114,65.0614499424626
Southend Victoria,East of England,2129590,1385546,65.06163158166596
Southminster,East of England,128666,93504,72.6718791289074
Southport,North West,4271792,3788568,88.68802600875698
Southwick,South East,346866,342014,98.60118893174887
Sowerby Bridge,Yorkshire and the Humber,371668,417306,112.27923846013108
Spalding,East Midlands,193034,207774,107.6359605043671
Spean Bridge,Scotland,7452,7516,100.8588298443371
Spital,North West,451286,377240,83.5922231135023
Spondon,East Midlands,18726,47006,251.01997223112252
Spooner Row,East of England,1344,686,51.041666666666664
Spring Road,West Midlands,183240,162146,88.48832132722113
Springburn,Scotland,397018,386114,97.25352502909188
Springfield,Scotland,1622,1438,88.65598027127004
Squires Gate,North West,18054,27524,152.45374986152655
St Albans Abbey,East of England,166758,149394,89.58730615622639
St Albans City,East of England,7560310,6668998,88.21064215620788
St Andrews Road,South West,4724,81974,1735.2667231160033
St Annes-On-The-Sea,North West,114328,147988,129.44160660555596
St Austell,South West,460130,525828,114.27813878686459
St Bees,North West,61020,84302,138.15470337594232
St Budeaux Ferry Road,South West,3092,4484,145.01940491591202
St Budeaux Victoria Road,South West,9376,11864,126.5358361774744
St Columb Road,South West,1936,3542,182.95454545454547
St Denys,South East,279642,232936,83.29793092596964
St Erth,South West,271234,444754,163.97428051055547
St Germans,South West,56698,75942,133.94123249497335
St Helens Central,North West,657274,669452,101.85280415777895
St Helens Junction,North West,212050,206320,97.29780712096203
St Helier (London),London,169546,156764,92.46104302077313
St Ives (Cornwall),South West,750478,850992,113.39333065059868
St James Park (Exeter),South West,88760,145446,163.86435331230285
St James Street (Walthamstow),London,1183914,1551778,131.0718515027274
St Johns (London),London,1000764,842382,84.17389114716357
St Keyne Wishing Well Halt,South West,1334,1586,118.89055472263867
St Leonards Warrior Square,South East,820252,1001396,122.08394493399591
St Margarets (Herts),East of England,365922,350664,95.83025890763605
St Margarets (London),London,1412636,1014718,71.8315263096792
St Mary Cray,London,1786944,1334744,74.69422656781633
St Michaels,North West,1128708,1015344,89.95630402194368
St Neots,East of England,1325534,1081866,81.61737081055634
Stafford,West Midlands,2466462,2456512,99.59658814934103
Staines,South East,2867034,2371110,82.70254206960922
Stallingborough,Yorkshire and the Humber,9460,6166,65.17970401691332
Stalybridge,North West,1244122,840136,67.52842566886528
Stamford (Lincs),East Midlands,384560,343052,89.2063657166632
Stamford Hill,London,516942,676276,130.8224133461781
Stanford-Le-Hope,East of England,1130456,744904,65.89411706426434
Stansted Airport,East of England,9773870,10090904,103.24368955183564
Stansted Mountfitchet,East of England,599478,551240,91.95333273281088
Staplehurst,South East,871650,731008,83.86485401250502
Stapleton Road,South West,168674,305052,180.8530063910265
Starbeck,Yorkshire and the Humber,206654,267220,129.30792532445537
Starcross,South West,116170,107218,92.29405182060772
Staveley (Cumbria),North West,32538,42876,131.77208187350175
Stechford,West Midlands,570812,417294,73.10533065177326
Steeton and Silsden,Yorkshire and the Humber,803930,594902,73.99922878857612
Stepps,Scotland,315208,267652,84.91281947158701
Stevenage,East of England,4794974,4676446,97.52807835871478
Stevenston,Scotland,113284,99624,87.94180996433741
Stewartby,East of England,61542,84976,138.0780605115206
Stewarton,Scotland,334794,248494,74.22295501114118
Stirling,Scotland,2480154,2527778,101.9202033422118
Stockport,North West,4437070,4295970,96.81997354109807
Stocksfield,North East,59380,52404,88.25193667901651
Stocksmoor,Yorkshire and the Humber,19556,22892,117.05870321129066
Stockton,North East,83050,120000,144.4912703190849
Stoke Mandeville,South East,318244,191900,60.29964429808574
Stoke Newington,London,1253164,1465574,116.9498964221762
Stoke-On-Trent,West Midlands,3235960,3015802,93.19651664421067
Stone (Staffs),West Midlands,166728,246412,147.79281224509378
Stone Crossing,South East,236426,318702,134.79989510459933
Stonebridge Park,London,793880,1355426,170.73436791454628
Stonegate,South East,186888,124278,66.49865159881855
Stonehaven,Scotland,469616,480362,102.28825252972642
Stonehouse,South West,166144,193140,116.24855546995379
Stoneleigh,South East,1047466,807086,77.0512837648191
Stourbridge Junction,West Midlands,1667752,1471990,88.26192383519852
Stourbridge Town,West Midlands,591502,378582,64.00350294673561
Stow,Scotland,71222,74988,105.28769200527928
Stowmarket,East of England,967114,975908,100.90930334996702
Stranraer,Scotland,56386,30196,53.552300216365765
Stratford (London),London,41206226,51473518,124.91684630376001
Stratford International,London,2831410,2738944,96.73427726821619
Stratford-Upon-Avon,West Midlands,1035644,840832,81.18928898347309
Stratford-upon-Avon Parkway,West Midlands,107638,109072,101.33224325981531
Strathcarron,Scotland,6970,6620,94.97847919655668
Strawberry Hill,London,898280,687594,76.5456205192145
Streatham (Greater London),London,2812938,2437720,86.66099288359716
Streatham Common,London,4023862,2765402,68.72507059138708
Streatham Hill,London,2176976,1824266,83.79816773359008
Streethouse,Yorkshire and the Humber,19266,25606,132.90771306965638
Strines,North West,27710,13686,49.39011187297005
Stromeferry,Scotland,1274,1132,88.85400313971743
Strood (Kent),South East,1194020,1167638,97.79048927153649
Stroud (Gloucs),South West,561892,655356,116.6338015134581
Sturry,South East,95310,112180,117.70013639702026
Styal,North West,13980,28058,200.70100143061515
Sudbury (Suffolk),East of England,334274,347900,104.07629669073874
Sudbury and Harrow Road,London,42286,22952,54.27801163505652
Sudbury Hill Harrow,London,79582,53868,67.688673318087
Sugar Loaf,Wales,708,842,118.92655367231639
Summerston,Scotland,147360,113996,77.35884907709011
Sunbury,South East,409878,390536,95.2810348445147
Sunderland,North East,441554,709098,160.59145653759225
Sundridge Park,London,279726,193024,69.00466885452192
Sunningdale,South East,660020,597214,90.48422775067422
Sunnymeads,South East,48040,27266,56.75686927560366
Surbiton,London,9326392,7589564,81.3772785874752
Surrey Quays,London,4878020,4933592,101.13923272147305
Sutton (London),London,6488114,4639520,71.50799138239556
Sutton Coldfield,West Midlands,1775522,1034854,58.28449323635528
Sutton Common,London,315636,265722,84.18621450024713
Sutton Parkway,East Midlands,197540,141302,71.53082919914954
Swale,South East,7470,7300,97.72423025435074
Swanley,South East,1568160,1523582,97.15730537700234
Swanscombe,South East,204156,339604,166.34534375673505
Swansea,Wales,2156036,2303850,106.85582244452318
Swanwick,South East,641148,562910,87.79720127022154
Sway,South East,102978,81398,79.04406766493814
Swaythling,South East,116106,74572,64.22751623516442
Swinderby,East Midlands,18026,22092,122.5563075557528
Swindon (Wilts),South West,3756422,3150912,83.88067155394148
Swineshead,East Midlands,3508,1232,35.11972633979475
Swinton (Manchester),North West,125480,165282,131.71979598342364
Swinton (South Yorks),Yorkshire and the Humber,383352,346188,90.30551555750328
Sydenham (London),London,4264916,3541540,83.03891565507972
Sydenham Hill,London,824800,694346,84.18355965082445
Syon Lane,London,1306980,868730,66.46849990053406
Syston,East Midlands,224872,213180,94.80059767334306
Tackley,South East,21102,25334,120.05497109278743
Tadworth,South East,284824,209262,73.47063449709295
Taffs Well,Wales,360856,256722,71.14250559780079
Tain,Scotland,29384,23284,79.2404029403757
Talsarnau,Wales,5890,4988,84.68590831918506
Talybont,Wales,25274,35872,141.9324206694627
Tal-y-Cafn,Wales,1362,2972,218.208516886931
Tame Bridge Parkway,West Midlands,671576,632172,94.13260747852812
Tamworth,West Midlands,1279204,1240246,96.9545123373598
Taplow,South East,311900,528968,169.59538313562038
Tattenham Corner,South East,246770,149554,60.604611581634714
Taunton,South West,1531416,1615614,105.49804886458023
Taynuilt,Scotland,22472,38888,173.05090779636882
Teddington,London,2228352,1717082,77.05613834798093
Teignmouth,South West,705732,760568,107.77008836215447
Telford Central,West Midlands,1198384,1177576,98.26366173113126
Templecombe,South West,108164,91732,84.80825413261344
Tenby,Wales,125450,133446,106.37385412514946
Teynham,South East,136006,181476,133.43234857285708
Thames Ditton,South East,830074,760682,91.64026339820305
Thatcham,South East,490346,464916,94.81386612718367
Thatto Heath,North West,134750,148722,110.36883116883116
The Hawthorns,West Midlands,501526,334428,66.68208627269573
The Lakes (Warks),West Midlands,12666,17778,140.3600189483657
Theale,South East,483904,390508,80.69947758233039
Theobalds Grove,East of England,643036,751174,116.8167878625769
Thetford,East of England,299752,305618,101.9569510795591
Thirsk,Yorkshire and the Humber,230042,288024,125.20496257205207
Thornaby,North East,591322,659792,111.57913962274361
Thorne North,Yorkshire and the Humber,173472,178734,103.03334255672385
Thorne South,Yorkshire and the Humber,81766,66512,81.34432404666977
Thornford,South West,3498,2312,66.09491137793025
Thornliebank,Scotland,278194,196424,70.60684270688799
Thornton Abbey,Yorkshire and the Humber,1114,724,64.99102333931778
Thornton Heath,London,3277862,2432008,74.19494780439202
Thorntonhall,Scotland,22026,18166,82.4752565150277
Thorpe Bay,East of England,889518,667938,75.0898801373328
Thorpe Culvert,East Midlands,258,788,305.4263565891473
Thorpe-le-Soken,East of England,131088,143078,109.14652752349568
Three Bridges,South East,3223574,3307440,102.60164649547366
Three Oaks,South East,11534,15482,134.22923530431768
Thurgarton,East Midlands,3462,3204,92.5476603119584
Thurnscoe,Yorkshire and the Humber,63316,82394,130.1314043843578
Thurso,Scotland,39974,36980,92.5101315855306
Thurston,East of England,77592,123640,159.34632436333644
Tilbury Town,East of England,1253652,1110752,88.60130243480647
Tile Hill,West Midlands,724504,541526,74.74437684263992
Tilehurst,South East,592760,385312,65.00303664214859
Tipton,West Midlands,381746,358656,93.95147558848029
Tir-Phil,Wales,24422,28360,116.12480550323478
Tisbury,South West,221736,191224,86.23949200851463
Tiverton Parkway,South West,480022,682906,142.26556282837038
Todmorden,Yorkshire and the Humber,636040,718118,112.9045343060185
Tolworth,London,616416,575870,93.42229922649639
Ton Pentre,Wales,68608,79222,115.47049906716418
Tonbridge,South East,4554198,4048158,88.88849364915623
Tondu,Wales,48478,49950,103.03642889558151
Tonfanau,Wales,3058,2490,81.42576847612818
Tonypandy,Wales,102630,112292,109.41440124719868
Tooting,London,942892,803666,85.23415194953398
Topsham,South West,238500,300338,125.92788259958073
Torquay,South West,483450,508086,105.09587340986658
Torre,South West,281138,376492,133.91715100769017
Totnes,South West,696226,797324,114.52085960593254
Tottenham Hale,London,8532344,9256456,108.48667142346815
Totton,South East,291220,216312,74.27786553121352
Town Green,North West,395678,409698,103.54328519654872
Trafford Park,North West,46340,44548,96.13293051359516
Trefforest,Wales,719162,712434,99.06446669874104
Trefforest Estate,Wales,78750,121436,154.20444444444445
Trehafod,Wales,38010,38404,101.03656932386214
Treherbert,Wales,457656,175190,38.27984337581065
Treorchy,Wales,151064,125344,82.97410369115077
Trimley,East of England,32178,57066,177.34476971844117
Tring,East of England,876526,787982,89.89830307372515
Troed-Y-Rhiw,Wales,41750,40862,97.87305389221557
Troon,Scotland,616184,498042,80.82683094660037
Trowbridge,South West,933894,904324,96.83368776327934
Truro,South West,1186886,1334668,112.45123794534607
Tulloch,Scotland,2148,2252,104.8417132216015
Tulse Hill,London,2363710,2181520,92.29220166602502
Tunbridge Wells,South East,3838532,3038690,79.16281536795837
Turkey Street,London,980294,990634,101.05478560513478
Tutbury and Hatton,East Midlands,71100,89778,126.27004219409284
Tweedbank,Scotland,443766,405824,91.44999842259209
Twickenham,London,5498078,4972204,90.43531212179965
Twyford,South East,1508004,1754790,116.36507595470569
Ty Croes,Wales,3590,8244,229.63788300835654
Ty Glas,Wales,186254,94494,50.733943968988584
Tygwyn,Wales,1330,1092,82.10526315789474
Tyndrum Lower,Scotland,5996,5986,99.83322214809873
Tyseley,West Midlands,276232,243730,88.23380346954734
Tywyn,Wales,105178,133700,127.11783833120995
Uckfield,South East,471646,235458,49.92261145011301
Uddingston,Scotland,898176,702066,78.16574925181702
Ulceby,Yorkshire and the Humber,7320,4480,61.20218579234973
Ulleskelf,Yorkshire and the Humber,7256,16502,227.42557883131204
Ulverston,North West,280248,290354,103.60609174730952
Umberleigh,South West,33060,54078,163.57531760435572
University (Birmingham),West Midlands,3969680,3755612,94.60742427601218
Uphall,Scotland,624056,488056,78.20708397964286
Upholland,North West,31650,27684,87.4691943127962
Upminster,London,5909882,5020900,84.95770304720128
Upper Halliford,South East,129378,106454,82.28137705019401
Upper Holloway,London,1088442,1425670,130.9826338932162
Upper Tyndrum,Scotland,5702,5760,101.01718695194668
Upper Warlingham,South East,1032050,850836,82.44135458553365
Upton (Merseyside),North West,23406,22192,94.81329573613604
Upwey,South West,43080,53534,124.26648096564531
Urmston,North West,409472,371074,90.62255783057206
Uttoxeter,West Midlands,158590,188406,118.80068100132416
Valley,Wales,14512,21588,148.75964718853362
Vauxhall,London,21009688,15534168,73.93811845278235
Virginia Water,South East,604866,649794,107.42776085943002
Waddon,London,671798,604552,89.99014584741246
Wadhurst,South East,414994,358610,86.4132975416512
Wainfleet,East Midlands,42160,47824,113.43453510436431
Wakefield Kirkgate,Yorkshire and the Humber,524960,611788,116.53992685156965
Wakefield Westgate,Yorkshire and the Humber,2472506,2333910,94.39451309723819
Walkden,North West,301570,300502,99.64585336737738
Wallasey Grove Road,North West,614808,498762,81.12483897411875
Wallasey Village,North West,521970,469056,89.86263578366572
Wallington,London,1977902,1609134,81.35559800232772
Wallyford,Scotland,307984,349262,113.40264429321003
Walmer,South East,227276,222274,97.79915169221563
Walsall,West Midlands,1564514,1240358,79.2807223201582
Walsden,Yorkshire and the Humber,117594,80466,68.4269605592122
Waltham Cross,East of England,1208212,1297696,107.40631611008664
Walthamstow Central,London,4718610,4272090,90.53704374805292
Walthamstow Queen's Road,London,734832,997432,135.73605939861085
Walton (Merseyside),North West,450148,370070,82.21073957898291
Walton-On-Thames,South East,2932472,2425886,82.7249501444515
Walton-on-the-Naze,East of England,136708,140642,102.8776662667876
Wanborough,South East,107476,62150,57.82686367188954
Wandsworth Common,London,1563122,961536,61.513816579895874
Wandsworth Road,London,779918,610410,78.2659202634123
Wandsworth Town,London,4301484,3786146,88.01953000406371
Wanstead Park,London,886990,1071144,120.76167713277488
Wapping,London,2724584,2471208,90.70037847979728
Warblington,South East,27790,34634,124.62756387189637
Ware (Herts),East of England,1074608,1068458,99.4276982862588
Wareham (Dorset),South West,330528,301986,91.364725530061
Wargrave,South East,87760,110690,126.12807657247038
Warminster,South West,348658,355954,102.09259503582307
Warnham,South East,14150,9706,68.59363957597174
Warrington Bank Quay,North West,1336144,1468418,109.89968147145817
Warrington Central,North West,1695084,1268378,74.82685223859113
Warwick,West Midlands,643994,619458,96.1900266151548
Warwick Parkway,West Midlands,682228,493384,72.31951781515858
Water Orton,West Midlands,57080,46796,81.98318149964962
Waterbeach,East of England,407650,371828,91.21255979394088
Wateringbury,South East,60802,71746,117.99940791421335
Waterloo (Merseyside),North West,1683954,1508982,89.60945489009795
Watford High Street,East of England,1325826,1363368,102.8315932859968
Watford Junction,East of England,8460154,6940122,82.03304573415566
Watford North,East of England,106268,64798,60.97602288553469
Watlington,East of England,153782,133888,87.06350548178591
Watton-At-Stone,East of England,154090,168318,109.23356479979233
Waun-gron Park,Wales,95164,116002,121.89693581606488
Wavertree Technology Park,North West,314920,292708,92.94678013463736
Weeley,East of England,34908,42386,121.42202360490433
Weeton,Yorkshire and the Humber,77718,94500,121.59345325407243
Welham Green,East of England,198924,253196,127.2827813637369
Welling,London,2487768,1527888,61.41601628447668
Wellingborough,East Midlands,998152,980522,98.23373594402456
Wellington (Shropshire),West Midlands,698712,676396,96.80612326681093
Welshpool,Wales,181768,176730,97.22833502046565
Welwyn Garden City,East of England,2867810,2516216,87.73998277431211
Welwyn North,East of England,587312,386640,65.8321301114229
Wem,West Midlands,108374,112096,103.43440308561094
Wembley Central,London,3350506,4445524,132.68216800686224
Wembley Stadium,London,882098,884860,100.31311713664468
Wemyss Bay,Scotland,213988,211252,98.72142363123166
Wendover,South East,511392,328532,64.24269444965897
Wennington,North West,4768,6632,139.0939597315436
West Allerton,North West,43258,61846,142.97008645799622
West Brompton,London,4936112,4515126,91.47130373054743
West Byfleet,South East,1384454,1172146,84.66485704833819
West Calder,Scotland,122780,140058,114.07232448281479
West Croydon,London,5419354,4370176,80.64016486097789
West Drayton,London,2197016,3533610,160.83678953635294
West Dulwich,London,1100218,864428,78.56879273016803
West Ealing,London,1077698,2548676,236.4925981119015
West Ham,London,10717126,11065018,103.2461314721876
West Hampstead,London,4521410,3944888,87.24906610990818
West Hampstead Thameslink,London,3755576,3147648,83.81265616778892
West Horndon,East of England,433894,411970,94.94715299128359
West Kilbride,Scotland,175520,126748,72.21285323609845
West Kirby,North West,1243712,1235638,99.35081433643802
West Malling,South East,872572,896670,102.76172052277634
West Norwood,London,1938126,1507342,77.77316851432776
West Ruislip,London,183010,136408,74.53581771487897
West Runton,East of England,27212,34872,128.14934587681904
West St Leonards,South East,123528,138188,111.86775467910108
West Sutton,London,326626,265900,81.4080936606394
West Wickham,London,923118,792638,85.86529566100975
West Worthing,South East,735324,672120,91.40460531683992
Westbury,South West,548720,543050,98.96668610584634
Westcliff,East of England,1257416,1056440,84.01674545257895
Westcombe Park,London,986702,931670,94.42263216249688
Westenhanger,South East,76602,62914,82.13101485600897
Wester Hailes,Scotland,39942,62844,157.33814030343999
Westerfield,East of England,11642,21666,186.1020443222814
Westerton,Scotland,790626,674870,85.35894341951821
Westgate-On-Sea,South East,158488,199128,125.64231992327495
Westhoughton,North West,176386,166134,94.18774732688536
Weston Milton,South West,82722,106898,129.22559899422163
Weston-Super-Mare,South West,1160960,1041126,89.67802508269018
Wetheral,North West,26820,50658,188.8814317673378
Weybridge,South East,2383624,1987922,83.39914348907378
Weymouth,South West,709904,751302,105.83149270887331
Whaley Bridge,East Midlands,142138,134408,94.5616232112454
Whalley (Lancashire),North West,76684,81118,105.78217098742893
Whatstandwell,East Midlands,23084,28430,123.15889793796569
Whifflet,Scotland,257512,244552,94.96722482835752
Whimple,South West,55532,51140,92.09104660375999
Whinhill,Scotland,41606,43124,103.64851223381244
Whiston,North West,192828,177588,92.09658348372643
Whitby,Yorkshire and the Humber,130900,153478,117.24828113063408
Whitchurch (Cardiff),Wales,25120,22818,90.8359872611465
Whitchurch (Hampshire),South East,301548,200976,66.64809582554021
Whitchurch (Shropshire),West Midlands,145386,164476,113.13056277770899
White Hart Lane,London,1805874,2616980,144.91487224468597
White Notley,East of England,12046,7660,63.58957330234103
Whitechapel,London,14412690,37140828,257.69532266356936
Whitecraigs,Scotland,338604,321218,94.86538847739541
Whitehaven,North West,220670,285082,129.18928717088866
Whitland,Wales,45036,44580,98.98747668531841
Whitley Bridge,Yorkshire and the Humber,544,860,158.08823529411765
Whitlocks End,West Midlands,161494,223908,138.6478754628655
Whitstable,South East,956416,876818,91.67747089132763
Whittlesea,East of England,31986,51194,160.05127243168886
Whittlesford Parkway,East of England,558134,454262,81.38941544503649
Whitton (London),London,1569650,1291066,82.25183958207244
Whitwell (Derbyshire),East Midlands,21308,10686,50.15017833677492
Whyteleafe,South East,305276,228198,74.75137252846605
Whyteleafe South,South East,133772,114664,85.71599437849476
Wick,Scotland,17890,16046,89.69256567915036
Wickford,East of England,2261210,1838264,81.2955895294997
Wickham Market,East of England,50932,67636,132.79667006989712
Widdrington,North East,4180,2652,63.44497607655503
Widnes,North West,437722,428030,97.78580925793084
Widney Manor,West Midlands,455546,345804,75.9097873760279
Wigan North Western,North West,1683184,1359554,80.77274974096711
Wigan Wallgate,North West,1551286,1253014,80.77259770280915
Wigton,North West,49568,64902,130.93528082633958
Wildmill,Wales,27872,28878,103.60935706084959
Willesden Junction,London,5943590,7041954,118.47980765833444
Williamwood,Scotland,272540,286358,105.07008145593308
Willington,East Midlands,37168,40140,107.99612569952647
Wilmcote,West Midlands,22552,19570,86.77722596665485
Wilmslow,North West,1620364,1248708,77.06342525506614
Wilnecote (Staffs),West Midlands,124596,98734,79.24331439211531
Wimbledon,London,18497284,13244436,71.60205790212227
Wimbledon Chase,London,319186,271590,85.08831840995532
Winchelsea,South East,9048,19260,212.86472148541114
Winchester,South East,5242284,4593936,87.63233735524439
Winchfield,South East,382830,229000,59.817673641041715
Winchmore Hill,London,1715874,1408426,82.08213423596371
Windermere,North West,374414,402704,107.5558072080638
Windsor and Eton Central,South East,2024294,1708274,84.38863129565172
Windsor and Eton Riverside,South East,1549476,1143218,73.78094271869973
Winnersh,South East,513392,384120,74.82002056907781
Winnersh Triangle,South East,401998,217550,54.11718466261026
Winsford,North West,225250,215328,95.59511653718091
Wishaw,Scotland,547084,405264,74.0771069890547
Witham,East of England,2349496,1924032,81.89126519049191
Witley,South East,285978,210956,73.76651350803208
Witton (West Midlands),West Midlands,344056,342226,99.46810984258376
Wivelsfield,South East,443770,467022,105.23965117065146
Wivenhoe,East of England,401240,352166,87.76941481407636
Woburn Sands,South East,51606,47880,92.7799093128706
Woking,South East,7729100,6522202,84.3850124852829
Wokingham,South East,2464906,1902086,77.16667491579801
Woldingham,South East,324206,348954,107.63341825876141
Wolverhampton,West Midlands,5305432,5249278,98.94157535145112
Wolverton,South East,470352,338874,72.04689254005511
Wombwell,Yorkshire and the Humber,203442,223542,109.87996578877517
Wood End,West Midlands,13666,15744,115.20561978633104
Wood Street,London,1649506,1938180,117.50063352300629
Woodbridge,East of England,210440,229388,109.003991636571
Woodgrange Park,London,764606,938768,122.77800592723574
Woodhall,Scotland,45258,48326,106.77891201555528
Woodhouse,Yorkshire and the Humber,33396,40388,120.9366391184573
Woodlesford,Yorkshire and the Humber,328536,258528,78.69091971656074
Woodley,North West,78852,50970,64.64008522294932
Woodmansterne,London,281510,126744,45.02291215232141
Woodsmoor,North West,310608,247350,79.63413691855973
Wool,South West,172614,208834,120.98323426836757
Woolston,South East,148444,180344,121.48958529815958
Woolwich Arsenal,London,4371074,2269060,51.91081185081744
Woolwich Dockyard,London,494202,315464,63.833007555614905
Wootton Wawen,West Midlands,14928,19398,129.94372990353696
Worcester Foregate Street,West Midlands,2071468,1914248,92.4102134331788
Worcester Park,London,2359004,1422222,60.28908810667553
Worcester Shrub Hill,West Midlands,806636,577194,71.55569550577955
Workington,North West,194648,229786,118.05207348649871
Worksop,East Midlands,440390,515488,117.05261245714027
Worle,South West,319048,397542,124.60256763872522
Worplesdon,South East,210180,142318,67.71243695879721
Worstead,East of England,25650,29316,114.29239766081871
Worthing,South East,2395498,2177490,90.89926186538247
Wrabness,East of England,30348,26698,87.97284829313298
Wraysbury,South East,105780,82070,77.58555492531669
Wrenbury,North West,12864,11238,87.36007462686567
Wressle,Yorkshire and the Humber,720,1064,147.77777777777777
Wrexham Central,Wales,80472,63048,78.3477482851178
Wrexham General,Wales,512198,684566,133.65261090437684
Wye,South East,255810,228560,89.34756264414996
Wylam,North East,97642,110738,113.41226111714222
Wylde Green,West Midlands,677552,520686,76.84812383403784
Wymondham,East of England,200332,197704,98.68817762514226
Wythall,West Midlands,68646,65636,95.61518515281298
Yalding,South East,35758,42188,117.98199004418592
Yardley Wood,West Midlands,511992,409064,79.89656088376381
Yarm,North East,139804,145970,104.41046035878803
Yate,South West,341994,359704,105.17845342315948
Yatton,South West,467586,527348,112.78096435735887
Yeoford,South West,17116,19890,116.20705772376722
Yeovil Junction,South West,210246,221442,105.32519049113895
Yeovil Pen Mill,South West,139732,169742,121.47682706896059
Yetminster,South West,7698,7088,92.07586386074304
Ynyswen,Wales,10940,2538,23.19926873857404
Yoker,Scotland,173104,202332,116.88464737960996
York,Yorkshire and the Humber,9990538,10464102,104.74012510637564
Yorton,West Midlands,7088,8554,120.68284424379232
Ystrad Mynach,Wales,374484,222144,59.320024353510426
Ystrad Rhondda,Wales,48906,55836,114.17004048582994
